:020000022000DC
:10700000F8FF032091760200B9760200BB760200F9
:10701000BD760200BF760200C176020000000000CB
:10702000000000000000000000000000C376020025
:10703000C576020000000000C7760200C976020093
:10704000CB7602007DBC03007D7B0300CB76020083
:10705000CB760200CB760200318A0200CB760200AA
:10706000CB760200CB76020001F10200CB76020063
:10707000CB760200CB760200CB760200CB76020004
:10708000CB76020065970200791D0300CB760200E3
:1070900035980200CB7602002D940200CB760200D8
:1070A000CB760200CB760200CB760200CB760200D4
:1070B000D18E0200CB76020000000000000000002C
:1070C000CB760200E18E0200CB760200CB76020086
:1070D000CB760200CB760200CB760200CB760200A4
:1070E000CB760200CB760200CB76020000000000D7
:1070F00000000000CB76020000000000CB7602000A
:10710000000000000000000000000000000000007F
:10711000000000000000000000000000000000006F
:10712000000000000000000000000000000000005F
:10713000000000000000000000000000000000004F
:10714000000000000000000000000000000000003F
:10715000000000000000000000000000000000002F
:10716000000000000000000000000000000000001F
:10717000000000000000000000000000000000000F
:1071800000000000000000000000000000000000FF
:1071900000000000000000000000000000000000EF
:1071A00000000000000000000000000000000000DF
:1071B00000000000000000000000000000000000CF
:1071C00000000000000000000000000000000000BF
:1071D00000000000000000000000000000000000AF
:1071E000000000000000000000000000000000009F
:1071F000000000000000000000000000000000008F
:1072000010B5054C237833B9044B13B10448AFF3E0
:1072100000800123237010BD082F00200000000013
:1072200084F3030008B5034B1BB103490348AFF3D4
:10723000008008BD000000000C2F002084F3030034
:10724000154B002B08BF134B9D46A3F5803A002138
:107250008B460F461348144A121A16F0CBFB0F4BFD
:10726000002B00D098470E4B002B00D098470020F1
:10727000002104000D000D48002802D00C48AFF397
:10728000008016F067FB2000290013F0D9FD16F0EE
:107290004DFB00BF00000800F8FF032000000000C5
:1072A00000000000082F00208C6B00200000000070
:1072B000000000001F2886BF00F01F00044A4FF0A6
:1072C000A042012303FA00F0C2F80805704700BF8E
:1072D00000030050032810B50ED10220FFF7EAFF8B
:1072E0001F20FFF7E7FF1D20FFF7E4FF034B1B689C
:1072F00013B1BDE81040184710BD00BF282F002073
:10730000032810B505D1034C236813B19847002317
:10731000236010BD242F002007B50F4B0F4A1868BB
:10732000009069460E4800F057F818B10D4A8021C8
:1073300002F0C4F90C4B0D4A1868019001A90C48E1
:1073400000F04AF818B1074A8A2102F0B7F9002084
:1073500003B05DF804FB00BFECDE0300D572020051
:107360002C2E0020F4DE0300F0DE03000173020087
:10737000002E002007B58DF8062000228DF80400AD
:107380008DF805108DF8072001A91A46044800F071
:107390008AF8049A034B1A6003B05DF804FB00BF3F
:1073A0002C2E0020282F002007B500230093FFF784
:1073B000E1FF03B05DF804FB10B5044601F05CFD8D
:1073C00040B96081E060208201212046BDE8104084
:1073D00001F066BD10BD00002DE9F04300230372EB
:1073E0002C4B85B090464D1E1A889B78ADF8002036
:1073F00004460F468DF80230CE1CA94619F8010F3D
:10740000FF2802D0694601F0A3FAB145F6D1002366
:1074100040F2067201A9C1E90133ADF8082001224A
:107420008DF80A20FF22ADF80C20022201938DF87E
:107430000E20F85CFF281CBF8038C8540133042B91
:10744000F7D14246204601F015FCF8B904F10A03D1
:1074500001276081C4E9030060612083E361277232
:107460002046FFF7A9FF0C4915F8013FFF2B0AD072
:107470001F2B92BF4FF0A04203F01F030A4607FAEA
:1074800003F3C2F80835AE42EED1002005B0BDE8E6
:10749000F08300BF0CDF030000030050037A0BB140
:1074A000FFF78ABF704770B5037A04460D4616464B
:1074B00003B3FFF7F3FF2B782BB96A781AB9AA78D0
:1074C0000AB9EA78B2B163816B78A381AB78E381C2
:1074D000EB7823820423238404F11C01666236B90D
:1074E000334601222046BDE8704001F085BC0123EF
:1074F0000222F7E770BD000038B54FF08053114A03
:10750000D3F80C31104C03F500239B0253F8081CF0
:1075100091420E4A04BF01211170002143F8081C5A
:10752000137853B10A4D58224FF47F21284616F0A4
:1075300053FAAB7D9A1E534253412370054B0020F2
:10754000187038BDFECAADAB862F0020852F0020F5
:107550002C2F0020842F0020014B1878704700BF8B
:10756000852F0020024B187808B1024B187D704718
:10757000852F00202C2F002010B5294B1B787BB3C2
:1075800009F060FB01F008FF18B1264A712102F0F2
:1075900095F801F031FF0028FBD1234B0222C3F8FC
:1075A00004254FF47F22C3F80825D3F80024012ACC
:1075B000FBD10021C3F804151C48C3F804251C495D
:1075C000194A4FF47F2351F8044B1C60D2F8004451
:1075D000012CFBD104338342F5D10023C2F80435DA
:1075E000144B15481549C01AC008114B00041A68FD
:1075F00040F0030000F05EFC00F0F4FC00F006FB3D
:107600000028FBD1BFF34F8F0D490E4BCA6802F41F
:10761000E0621343CB60BFF34F8F00BFFDE700BFB5
:10762000842F00200FDF030000E0014058F00F001E
:107630002C2F0020A8F30300B8F3030032DF03006F
:1076400000ED00E00400FA0510B50E4C2478B4B14A
:1076500088B90D4C20600C480224C0E903128360F5
:10766000047140220299173016F0B6F9074B012237
:107670001A70002010BD0128EBD00720FAE708207F
:10768000F8E700BF852F00202C2F0020842F00203A
:107690000649074A074B9B1A03DD043BC858D050E4
:1076A000FBDC00F021F8FFF7CBFD000044F70300FE
:1076B000002E0020082F0020FEE7FEE7FEE7FEE791
:1076C000FEE7FEE7FEE7FEE7FEE7FEE7054B18688C
:1076D000043B1B68082B06BFB0FA80F0400900206D
:1076E000704700BF3401001008B5664B1B68082BBB
:1076F00050D14FF080430022C3F80C21C3F8102171
:10770000C3F838254FF0805203F54043D2F80414F3
:10771000C3F82015D2F80814C3F82415D2F80C14B5
:10772000C3F82815D2F81014C3F82C15D2F8141485
:10773000C3F83015D2F81814C3F83415D2F81C1455
:10774000C3F84015D2F82014C3F84415D2F8241415
:10775000C3F84815D2F82814C3F84C15D2F82C14E5
:10776000C3F85015D2F83014C3F85415D2F83414B5
:10777000C3F86015D2F83814C3F86415D2F83C1475
:10778000C3F86815D2F84014C3F86C15D2F8442435
:10779000C3F87025FFF79AFF10B13B4B3B4A1A60C4
:1077A000FFF794FF18B13A4BFB22C3F81825FFF7F7
:1077B0008DFF48B13749384B0A681B6822F00F0229
:1077C00003F00F0313430B60FFF780FF18B1334B37
:1077D0004FF400721A602B4B1B68082B09D14FF035
:1077E0008043D3F80024D20744BF6FF00102C3F8EE
:1077F00000242B4AD2F8883043F47003C2F8883052
:10780000BFF34F8FBFF36F8F4FF01023D3F80022D9
:10781000002A03DBD3F80432002B2FDA214B01229C
:10782000C3F80425D3F80024002AFBD04FF010221F
:107830001221C2F80012D3F80024002AFBD04FF026
:1078400010231222C3F80422164B1A46D3F8001450
:107850000029FBD00021C3F80415D2F80034002B16
:10786000FBD0BFF34F8F0E490F4BCA6802F4E062A2
:107870001343CB60BFF34F8F00BFFDE70B4B0C4AA8
:107880001A6008BD300100108C560040488103008A
:1078900000F00040E40E0040580200104096024004
:1078A00000ED00E000E001400400FA05582E002041
:1078B0000090D0037047000007B5044B0093044AC2
:1078C000402300F032F803B05DF804FBD5780200E5
:1078D000882F00202DE9F84389461446B2B10F4B9A
:1078E0000F4E0325002743F00108224609EB07014C
:1078F000002003F0F1F90744241A48B933782BB17A
:107900004FF47A40C047013D02D13570BDE8F8839D
:1079100001233370002CE8D1F8E700BF50DF0300EB
:10792000872F0020704703F00BBAF0B595B00846DA
:107930000D4616461C4600F00DFD1A9A0D920023C6
:10794000082205A928460A938DF82C300C93CDE91E
:10795000086400F01CFD079B0293069B0393012320
:107960008DF811309DF8143003F00302012A1DD167
:10797000BDF81440059EC3F3C203C4F383148DF80D
:107980001030A20008230EA9284600F000FDC6F31F
:10799000952608AB0093224602AB0EA9304600F0B4
:1079A0008FFB284600F0DAFC15B0F0BD022AF8D1B2
:1079B000BDF81640C3F3C203A4098DF810300827A0
:1079C000082C264628BF08263B4632460EA92846E4
:1079D00000F0DDFCA41B08AB02AA31460EA8374418
:1079E00000F0D2FB002CEBD1DBE7000008B5FFF77D
:1079F0009AFF0421034800F0CBFA034B01225A718D
:107A000008BD00BFFCF303005C2E0020037813F0D8
:107A1000040216D003F00303012B03D0022B09D07C
:107A2000012070470A6800880232C0F383100244C4
:107A30000A60F5E70B684288023303EB92130B6090
:107A4000EEE71046704700002DE9F04F87B00023A5
:107A50000446851C0DF107000E4690468DF8073050
:107A600001F046FA404A50683060936803F580732D
:107A70001B1A924602F21C4602F5836902F2144771
:107A8000AB4219D30023B8F1000F66D0052262F390
:107A9000070364F38913DAF804209DF80700D1B2D4
:107AA000033115444AF82130CAF8045001F044FA71
:107AB000012007B0BDE8F08F0121304601F098FDAC
:107AC000484601F0ABFD384601F0A8FDDAF80800A1
:107AD0000290C0B203300AEB800002A9FFF796FFC4
:107AE000029B30BBDAB20AEB8202D16803919A1C86
:107AF0000133DBB20AEB83030292D3F80CB001F03E
:107B00000303012B21D0022B15D08346384601F008
:107B100088FD10B1029BCAF808305946304601F082
:107B200067FDDAF80830DAF8042003F580739B1A51
:107B3000A6E7D8B2CEE7BDF80E309B0903334FEA73
:107B40001B4B02EB93030293E0E7BDF80C30C3F349
:107B500083134FEA1B4B1344F5E7062262F3070336
:107B600064F39F5397E700BF98300020064B074807
:107B700010B500221A7000F0A6FB044610B90448A4
:107B800000F066FC204610BD98300020E8F30300AA
:107B900074DF030030B50A4C71B10A4A0A49121B5E
:107BA000D20800239A4201D1002030BD31F8235081
:107BB000854202D00133F5E7034654F83300F4E779
:107BC000A8F30300E8F30300082F0020094B013954
:107BD00003EBC000032909D8DFE801F00A0204061C
:107BE0000420704700797047407970470020704743
:107BF00002207047A8F30300034BD3E90130C31AF6
:107C000058425841704700BF983000202DE9F0419C
:107C100086B0FFF7F1FF0546002840F0E680744C7F
:107C2000C4F81804BFF34F8FA0680290C0B20330AD
:107C300004EB800002A9FFF7E9FE029B18B1D4F81B
:107C40001824002A53D0DAB2991C013304EB8202C3
:107C5000DBB204EB8303D268DB68049302F0030316
:107C6000022B039202914FD1BDF80E3061484FEACA
:107C700093184746502F28BF502767F38F1307F1FB
:107C80000801ADF80E3000F036FB0546002800F084
:107C9000978000F05FFB03A900230822284600F02C
:107CA0006CFB0299CE43F6B20136B600C9B203317D
:107CB000B74204EB810124D908233246BF1B284672
:107CC00000F05BFBFFB24C4906F108033A46284638
:107CD00000F053FB029B08F1030803EB98030293A7
:107CE000D4F81834002B43D1D4F8106453E0626800
:107CF0009A4204D8A260284606B0BDE8F081D8B206
:107D000095E708233A46E2E7012B59D1BDF80C303C
:107D10003848C3F38311062928BF062161F389136C
:107D200002318900ADF80C3000F0E5FA0546002874
:107D300046D000F00FFB0023082203A9284600F0DC
:107D40001CFB0026BDF80C20C2F38312B300964240
:107D500003F10803C4D202994A1CC9B2033102924A
:107D600004EB81010422284600F007FB0136E9E715
:107D7000284600F0F3FAFFF73FFF80F00100C5B29C
:107D8000B9E7F3685B7923B1336829461B6830464D
:107D90009847F3681E68002EF3D1284600F0DEFAFB
:107DA0000DF107008DF8076001F0A2F8D4F818343F
:107DB0000BB9029BA3609DF8070001F0BDF8DAE75C
:107DC000D4F8104454B90D4B0D480E49C01AC008E0
:107DD000000440F0020000F069F8CCE72368204678
:107DE0009B689847E3681C68ECE7002583E700BFC1
:107DF00098300020E8F30300A4300020A8F303002B
:107E0000B8F3030080DF03002DE9F34780460F46F7
:107E1000924601A9012218469946FFF715FE214D09
:107E200070B3019C0026A11C4E4506EB010230D127
:107E300000211D4801F0BCFB80F31000631CDBB285
:107E400005EB8303000440EA1840D860E3B2033333
:107E500015F8232068F3C50205F8232035F8232000
:107E600066F3891225F8232055F8232067F39F2213
:107E700045F8232002F0F80242F0010205F8232021
:107E80002B781BB1FFF7C2FE0028FBD102B0BDE882
:107E9000F087D2B205EB82025AF82630D360013661
:107EA000C2E700BF98300020B434002000231A46F7
:107EB000FFF7AABF07B50123019201AAFFF7A4FFAC
:107EC00003B05DF804FB07B5CDE9002302236A4641
:107ED000FFF79AFF03B05DF804FB00002DE9F743BC
:107EE0000646D01C8846154601A900228008FFF7E7
:107EF000ABFD254FA0B3019CA01C0190C0B2C0F502
:107F000080794FEA890903304D4507EB800030D86E
:107F10002A46414615F060FD00211C4801F048FB4F
:107F200080F31000631CDBB207EB8303320C42EAE0
:107F30000042DA60E3B2033307EB830217F8231041
:107F400066F3C50107F82310518865F38F1151803E
:107F500037F8232002F0380242F0020227F82320EB
:107F60003B781BB1FFF752FE0028FBD103B0BDE800
:107F7000F0834A46414615F02FFDA5EB090208EBB8
:107F8000090107F10C00C5E798300020B434002047
:107F900030B5134AD2F810440023214651B9C468C1
:107FA0002371D2F810445CB9C2F81004C2681160A1
:107FB000184630BDC9680D799D420AD00968EDE7C1
:107FC000E468C16824680C60D2F81024D26810609C
:107FD000EEE701330A2BE0D14FF0FF33E8E700BFB3
:107FE0009830002038B5084A0123D2F810441370A5
:107FF0001D4604B938BDE3685D71236820465B689F
:108000009847E3681C68F4E79830002010B5037ABD
:10801000052B0C460FD0437A23B1084A0849204665
:1080200000F02FFA0749204600F02BFA2046BDE861
:10803000104000F01BBA002AF8D0F3E7CBDF0300B2
:10804000D0DF0300F0DF030073B5C38804460D469C
:1080500033B1144A00921449144A284600F011FA28
:10806000217A05291CD0637A4BB1A088FFF7AEFDB9
:108070000F4B104953F82020284600F002FA227ACC
:108080000D4BA08853F822600021FFF783FD0B49B8
:1080900003463246284602B0BDE8704000F0F1B910
:1080A00002B070BDCBDF0300DBDF0300D3DF0300D2
:1080B00098DF0300D0DF030000E00300F3DF0300DC
:1080C0002DE9F04385B01F460C9D002306460C4663
:1080D000904695F80C902B7329463846FFF7B4FF6D
:1080E000B8F1060F09D8DFE808F00412181F28338A
:1080F00040003146284600F0C4F90022294638469F
:10810000FFF784FF85F80C9005B0BDE8F083226886
:108110003146284600F0B5F9EFE7D4E900233146AF
:10812000284600F0AEF9E8E7A36800933146D4E9A9
:108130000023284600F0A5F9DFE7E3680193A36870
:1081400000933146D4E90023284600F09AF9D4E799
:1081500023690293E3680193A36800933146D4E94D
:108160000023284600F08DF9C7E76369039323696C
:108170000293E3680193A36800933146D4E9002396
:10818000284600F07EF9B8E708292DE9F84F804627
:108190000E4617461C463BD8002593F80C901D73DD
:1081A00019461046FFF750FFDFF88CA0DFF88CB0BF
:1081B000AE422FD918F805205946204600F061F943
:1081C0000135082DF4D11949194DDFF874B0204656
:1081D00000F057F94FF0000A564522D918F80A2046
:1081E0007E2A1CD812F80B1011F0970F08BF2E2210
:1081F0001049204600F045F90AF1010ABAF1080FCA
:10820000EAD1012221463846FFF700FF84F80C909E
:10821000BDE8F88F5146204600F033F9D0E72E2212
:10822000E6E72946204600F02CF9E5E7C6DF030023
:10823000C4DF0300C8DF0300C2DF0300BCDF0300AC
:108240007DF203002DE9F047B0F806904479D2F8AA
:1082500000A09DF8208009FB04F4043C06460AEBCC
:108260000300A0420F4688BFA4EB030A191DC2F801
:1082700000A0B1FBF9F509FB15114DB9A9EB0104FB
:10828000544528BF5446BAF1000F04D1BDE8F08729
:108290003668013DF1E704317B1970182246B8F1C8
:1082A000000F0ED001461846AAEB040A15F094FB05
:1082B000D145254436684C464FF0000128BF54464E
:1082C000E1E71946F0E700F06CB8F8B546790146E9
:1082D000721E0546002393422D6803D30024A64254
:1082E00002D8F8BD0133F6E70F68284600F096F88B
:1082F00001343946F3E72DE9F843CD1C068A0746D9
:1083000000F066F8043E35440446B5FBF6F5F0B1DE
:108310004FF48073EDB28380C680013D07608146D3
:108320004FF00008A84512D2384600F051F8064632
:1083300048B163790133637108F10108C9F800009D
:1083400007608146EEE72046FFF7BFFF3446204630
:10835000BDE8F8830121043001F04AB910B50121CC
:108360000446043001F04FF910F0FF0F04D120460D
:10837000BDE81040FFF7A9BF10BD1FB50392002252
:10838000009203AAFFF75EFF05B05DF804FB1FB57E
:1083900003920122009203AAFFF754FF05B05DF893
:1083A00004FB10B590B1D0E9012301689B1ADBB240
:1083B0000A60013BDBB2FF2B026802D10020107182
:1083C00010BD11684C1C14600B70F2E70E20F7E72B
:1083D00037B5054600240DF107008DF8074000F081
:1083E00087FD2A68696813688B4210D9591E11608D
:1083F00013F8014C2A8AEB6802FB04342A68AB6844
:1084000011685B1A1179DBB2994238BF13719DF87C
:10841000070000F091FD204603B030BD37B505469A
:1084200000230DF107000C468DF8073000F060FDC9
:108430002A681368591C1160E968641A298AB4FB18
:10844000F1F41C709DF8070000F076FD03B030BD1C
:108450008268002393608268136182685361826836
:10846000D3608268536082681360704710B5826879
:1084700004462AB143690168006998470023A36054
:1084800010BD0EB403B5039921B104AB01AA019349
:1084900000F074F802B05DF804EB03B070470A29ED
:1084A00038B504460D4602D10D21FFF7F8FFA36849
:1084B0002268591CA160D554D4E901329A4204D3F0
:1084C0002046BDE83840FFF7D1BF38BD2DE9F84F51
:1084D0009946DDE90A431746824688460A46012640
:1084E000BA420FD24E4538BF4E4613F0010B01D1B0
:1084F00064B900240125B9F1010F1AD909F1FF3936
:108500007D43F8E7B2FBF7F20136E9E79B070ED5AA
:10851000B9F1000F0CBF30252025A642EAD2013C5C
:1085200029465046FFF7BBFF002CF6D1E1E7202596
:10853000F3E7B8FBF5F39F42E2D9DFF83C90B8FBD4
:10854000F5F3504619F8031005FB1388FFF7A7FF52
:10855000B5FBF7F3BD4207D2BBF1000F02D00CB15F
:10856000A64203D3BDE8F88F1D46E8E72021504618
:10857000013CFFF794FFF2E75FE003002DE9F74FBE
:10858000054617468846002900F0318118F8011B7E
:1085900049B92B7B002B00F02A81284603B0BDE8A7
:1085A000F04FFFF763BF252940F0C080002698F800
:1085B00000302D2B424608F1010823D0302B24D067
:1085C0002B2B25D000242A2B02F1010123D13B685B
:1085D0001A1D3A601B680A461C4413782E2B26D1BC
:1085E00001324FF0000A104610F8011BA1F1300CC7
:1085F000BCF1090F1DD80A2303FB0A13A3F1300AAB
:108600000246F0E746F00106D1E746F00206CEE763
:1086100046F00406CBE711F8013CA3F1300009282D
:10862000DBD80A2202FB0434303C0A46CBE74FF089
:10863000000A12F8011B01F0FB0068289046F8D0F0
:1086400069290ED04AD8582964D006D825296DD07A
:1086500098F80030002B99D19BE7632962D06429F8
:10866000F6D13A68111D3960D2F8009089EAE972B2
:10867000A2EBE9724FF0010B092A5BDCD34538BF4E
:10868000D3462CB1B9F1000F01DB710700D5013CD5
:10869000B20702D5BAF1000F04D0F30702D4002CC0
:1086A0004ED10024B9F1000F52DAC9F100092D2191
:1086B0002846FFF7F4FE06F00302022A05D1BAF1BC
:1086C000000F02D1002C47D10024CDE900465346CB
:1086D0000A2249462846FFF7F9FEB9E773294CD02C
:1086E00014D87029B4D13B681A1D3A60302128464D
:1086F0001C68FFF7D4FE78212846FFF7D0FE002241
:108700000823CDE9003221461022E3E775292BD05A
:1087100078299DD139680A1D3A60CDE90046534653
:10872000102228E03B681A1D3A6019782846FFF7A6
:10873000B6FE8DE70A230BF1010BB2FBF3F29BE7C8
:10874000A345AFD220212846013CFFF7A8FEA6E7AB
:108750007007B0D52B21ABE7A345B6D23021284610
:10876000013CFFF79CFEADE73968CDE900460A1DE4
:108770003A6053460A220968ACE73B681A1D3A6022
:10878000F107D3F8009020D4B9F1000F25D0484666
:1087900015F0F8F90646B44200D9C4B909F1FF3919
:1087A00020E028460136FFF77AFE19F80610002966
:1087B000F7D1A642BFF44CAF002C3FF449AF2021C3
:1087C0002846013CFFF76BFEF3E70026EDE720218A
:1087D0002846013CFFF763FEDDE74E46DBE728460F
:1087E000FFF75DFE19F8011F0029F8D130E703B04B
:1087F000BDE8F08F10B50D49A1F59472914201D8F2
:1088000000200FE08B1ADB1003EBD3735B1002EB3D
:10881000C30452F83330834205D802D204F108026F
:10882000ECE7606810BD2146E8E700BFACE103005B
:1088300008B5FFF7DFFF024B002808BF184608BD48
:108840006FE0030000F1804000F5C040002382B0DB
:10885000036003680193019B02B0704703681F2BFC
:1088600083BF03F01F03036001484FF0A04070472F
:108870000003005007B5019001A8FFF7EFFF019B2F
:1088800000EB8300D0F8002722F44032C0F8002724
:10889000D0F8003743EA0143C0F8003703B05DF871
:1088A00004FB4309012B00F01F004FF6FF7318BFB4
:1088B0004FF0FF3323FA00F000F001007047000092
:1088C000054B4FF0FF32072843F8202084BF1B18C8
:1088D00083F84C20704700BF5035002010B5184C6D
:1088E00094F85B2052BBFF211046FFF7DAFF10B16E
:1088F000A31883F824100132302AF5D10021C8B220
:10890000FFF7DEFF01310929F9D1062200210D48C8
:1089100015F070F80C4BC02283F8062340221A6031
:108920004FF4BE70FFF78EFF084B4FF00042C3F8C4
:108930000423012384F85B30002010BD0820FCE7ED
:1089400050350020A535002000E100E00060004027
:1089500037B5354B1A18044692F92400013061D11D
:108960008878002852D01846002250F8045B013560
:1089700046D1181980F82420002043F822009200E4
:1089800002F1804202F5C0420B78D2F810554878C7
:1089900025F499151B04000525F4F85500F4801002
:1089A00003F44033C2F8105503432002D2F81055A7
:1089B00000F47C5003432B43C2F810354A780194ED
:1089C000012A01A826D1FFF749FF019B9A40C0F870
:1089D000082501A80194FFF741FF019B134903F506
:1089E000E073032240F8232024FA02F2012304F06A
:1089F000070003FA00F08B5C18438854002003E062
:108A00000132082AB1D1042003B030BDFE2382F820
:108A10002430D3E7FFF722FF019A01239340C0F8E7
:108A20000C35D6E70820EFE750350020A5350020AB
:108A30002DE9FF470024CDE90244534D4FF48072E5
:108A4000012102F1804303F5C04390B21B68012B62
:108A500006D1D5F804330B4202D0FFF7F3FE0C43E6
:108A60000432B2F5907F4FEA4101EAD1474B1B68CF
:108A7000012B11D14FF4BE70FFF7E4FE4FF0A0437D
:108A800044F00044D3F820250292C3F82025D3F8FF
:108A900020280392C3F8202814F0FF0F1AD03C4F6F
:108AA00000250126344210D0AB0003F1804303F5CA
:108AB000C043D3F81005D3F8101557F8253023B16B
:108AC000C1F30141C0F3052098470135082D4FEA55
:108AD0004606E7D1002C4BDADFF8B490DFF8B4801B
:108AE000CA4699F954104B1C34D0CCB224F0C005BE
:108AF00004AB03EBD503012713F8082C04F007039C
:108B000007FA03F31A4225D001A80195FFF7A6FE44
:108B1000019B03F5E07350F82360C6F30146022E73
:108B20000CBF032102212846FFF7A4FE01A80195EE
:108B3000FFF794FE019B9F400AEB0503C0F82075E8
:108B400093F924305AF8233023B1A109032912D113
:108B5000284698474FF0A043D3F820250292C3F847
:108B60002025D8F820350393C8F820351343B8D111
:108B700004B0BDE8F087022E04D0032EEAD102290A
:108B8000E8D1E5E70129FBE7006000407C61004097
:108B900050350020000300500023435082B043585A
:108BA0000193019B02B0704770B5D0F810310546B3
:108BB0000C4653B14FF48871FFF7EEFF63795A0703
:108BC00003D523680BB101209847D5F814315BB168
:108BD0004FF48A712846FFF7DFFF63791B0703D53F
:108BE00023680BB102209847D5F81C315BB12846A9
:108BF0004FF48E71FFF7D0FF607910F0100002D1B2
:108C0000236803B19847D5F8043163B14FF48271FA
:108C10002846FFF7C1FF0123237123681BB10320FE
:108C2000BDE87040184770BD38B51D4602230B7172
:108C30000B684A7104467BB112F0040F0CBF82210D
:108C40009221100748BF41F02001D306236848BF96
:108C500021F08001C3F8001320684FF48271FFF700
:108C60009BFF206812F0800F05BF0123435140197C
:108C7000002038BD2DE9F04F07795B4D4FEAC7085A
:108C800005EB080385B01B7904460E46002B40F027
:108C9000A98045F83720DFF85CE101F1FF3C06F1DF
:108CA000030B69464FF001091CF8012FFF2A00F061
:108CB000958022F0800310060B6040F182801F2B0C
:108CC00087BF02F01F00F24618464FF0A04A09FA8B
:108CD00000F0CAF808051F2B8ABF02F01F034FF0EF
:108CE000A042724603F5E073032042F82300DC45FE
:108CF00001F10401D8D12368009AC3F86025019AD4
:108D0000C3F86425029AC3F86825039AC3F86C2552
:108D100023680122C3F800252368B179328970796C
:108D2000C3F80C05C3F80415C3F808252368728935
:108D3000C3F8102522680023C2F800322268C2F866
:108D400000334FF48E712068FFF726FF4FF48871CF
:108D50002068FFF721FF4FF48A712068FFF71CFF9E
:108D60004FF482712068FFF717FF55F837300BB3C7
:108D700022683379120B51B20029AEBF01F1604273
:108D800002F00F0219494FEA4313DBB2AABF02F502
:108D900061428B5482F8003323681B0B5AB2002ABD
:108DA00008DB012103F01F0301FA03F35209104904
:108DB00041F82230454401232B71002005B0BDE865
:108DC000F08F1F2B87BF02F01F00F24618464FF0AE
:108DD000A04A09FA00F0CAF80C057CE74FF0FF330F
:108DE0000B6084E70820E9E7AC35002014ED00E0D3
:108DF00000E100E00003005070B40C461D461D4920
:108E00000379266801EBC3010368C3F82065A688CF
:108E1000C3F82465A668C3F82865E668C3F82C651E
:108E200003682668C3F84065A688C3F84465A66849
:108E3000C3F84865E468C3F84C45036802F00104D0
:108E400004EB5202C3F81425EB0711D415F002030A
:108E500003D0002C14BF082304230268002CC2F89E
:108E60000032EAB214BF0C23082370BCFFF7DCBE4B
:108E70001023F2E7AC3500200379084A016802EBC1
:108E8000C3021379D1F80411DBB219B9981E18BFC7
:108E90000120704701201071704700BFAC350020E1
:108EA00038B503680022C3F80022036801225A6023
:108EB00005460C46FFF7E0FF38B92846FFF7DCFF10
:108EC00018B9002CF9D1204638BD0124FBE7000079
:108ED00001490248FFF768BEAC35002000C00140E0
:108EE00001490248FFF760BEB4350020001002407F
:108EF00070B5EFF3108672B60C4A946801239CB9E2
:108F000093600B4B0B4DD3F8801029401160C3F8D0
:108F10008050D3F8841051604FF0FF32C3F88420A2
:108F2000047006B962B670BD0370FAE7F86A0020F3
:108F300000E100E0FC06FFBD10B5084B9A685AB18D
:108F400050B9EFF3108172B6054A1C6814605C6872
:108F50005460986001B962B610BD00BFF86A002085
:108F600000E100E001600B6843604A68934204BF7F
:108F7000002343607047436843B1026891680B4423
:108F800043605268934204BF0023436070474BDF45
:108F9000704700001FB50D4C01A8FFF7F8FF70B92E
:108FA000214602A8FFF7DEFF039B002BF4D00198B7
:108FB000D3E90021904702A8FFF7DDFFF4E7052879
:108FC00001D000F035FB04B010BD00BF74E5030014
:108FD00060DF704769DF704761DF704730B5114B64
:108FE0001B78A9B0E3B1104D94240DF1020103A840
:108FF000ADF80240FFF7F0FF70B9294601A8FFF76E
:10900000B1FF029B002BF0D003A8D3E900219047C9
:1090100001A8FFF7B0FFF4E7052801D000F008FB36
:1090200029B030BDBC350020FCE7030030B5054653
:1090300085B00C46002900F0B4805B4B0B600C221D
:10904000002101A814F0D6FC01238DF80630226817
:109050008DF80450062301A92020ADF80830FFF751
:10906000B9FF60B1FFF7E4FB504A514B51499B1ADD
:10907000DB081B04024643F00100FEF71BFF0C2235
:10908000002101A814F0B6FC01238DF805302268F8
:10909000002301A94020ADF80630FFF79BFF60B127
:1090A000FFF7C6FB414A424B43499B1ADB081B04AE
:1090B000024643F00100FEF7FDFE0C22002101A84C
:1090C00014F098FC452322688DF8045001A9232050
:1090D000ADF80630FFF77EFF60B1FFF7A9FB334A1A
:1090E000334B36499B1ADB081B04024643F0010050
:1090F000FEF7E0FE0C22002101A814F07BFC002307
:1091000022688DF8043001A90120FFF763FF60B1E8
:10911000FFF78EFB254A264B29499B1ADB081B04C7
:10912000024643F00100FEF7C5FE0C22002101A813
:1091300014F060FC4FF4B0632268019301A9A120F0
:10914000FFF748FF60B1FFF773FB184A184B1D4942
:109150009B1ADB081B04024643F00100FEF7AAFE3F
:109160000C22002101A814F045FC9DF8043022686F
:1091700043F0010301A9A0208DF80430FFF72AFF76
:1091800068B1FFF755FB094A094B0F499B1ADB08E9
:109190001B04024643F00100FEF78CFE002005B0E0
:1091A00030BD0E20FBE700BF002E0020A8F3030017
:1091B000D8F303008CE50300D2E503001EE60300AC
:1091C00065E60300B1E6030002E70300F8B50646D2
:1091D0000768FFF7FDFE3368BB4205461DD9194BF2
:1091E000194C1A49E41AE408240444F00204204605
:1091F000FEF75CFE336816493A462046FEF763FEEA
:109200004FF080533268D3F80C3112499B0203F1BE
:1092100000539A1A2046FEF74DFE25B90E4B012247
:109220001A702846F8BD2846FFF702FB054A064B90
:109230000A499B1ADB081B04024643F00100FEF7B3
:1092400039FEEEE7A8F30300D8F3030055E7030067
:1092500084E70300B5E70300BC350020DFE7030027
:1092600010DF704711DF704713B50446094968469F
:10927000FFF778FE019808B902B010BDD0E90031BF
:109280002046984718B16846FFF775FEF2E71120AF
:10929000F2E700BF14E8030013B504460749684627
:1092A000FFF760FE019B0BB902B010BD2046D3E969
:1092B000002190476846FFF75EFEF3E72CE80300C5
:1092C0000B4991F816335A09EC231341DB0706D5F5
:1092D000084B9A683AB94FF480030B60704742F22A
:1092E000020000F0A5B91A6842F480021A607047C3
:1092F00000E100E0F86A0020084B9A6822B11A6881
:1093000022F480021A607047054B4FF48002C3F8C4
:109310008020BFF34F8FBFF36F8F7047F86A002034
:1093200000E100E0F7B5184F3C7854BB174E01251B
:1093300020463570FFF798FF11281FD02046FFF711
:10934000ABFF0DF103008DF803400195FFF7D0FD51
:109350000F4901A8FFF784FF0446B0FA80F04009E6
:1093600038709DF80300FFF7E7FD3CB9094B3470F6
:109370001C70FFF7A5FF2846FFF78EFF204603B0BD
:10938000F0BD0824FAE700BFBE350020BD3500203F
:109390004D960200BF350020F7B5154F3B781BB343
:1093A000144E01203070FFF75FFF11284FF00005C9
:1093B0001CD00220FFF770FF0DF107008DF8075059
:1093C000FFF796FDFFF74EFF04469DF807003D703E
:1093D000FFF7B2FD2CB93470FFF78EFF0320FFF7C3
:1093E0005BFF204603B0F0BD0824FAE72C46F8E7FF
:1093F000BE350020BD350020014B1878704700BFF6
:10940000BE35002007B508496846FFF7ABFD019B54
:1094100013B903B05DF804FBD3E900209047684618
:10942000FFF7A9FDF3E700BF20E80300FFF7EABF5D
:10943000034B1A8882420CBF18460020704700BFB9
:10944000DC350020024B9B6903B11847704700BF11
:10945000C035002013B50B46497A0F4C024669B956
:10946000D4E901101C7A002C18BF0146586800F09E
:109470009FFB08B1FFF7E6FF02B010BD0021197293
:109480006369002BF8D00121ADF806008DF80410B7
:1094900001A89847F0E700BFC03500204B8802883C
:1094A0009A4213D842889A4210D380888A8840F220
:1094B000F313984294BF031AC31A934206D800F2DA
:1094C000F310904234BF0020012070470020704705
:1094D00070B50388112B014648D002D8102B1ED03E
:1094E00070BD122B52D0502BFAD12F4BC288DB8982
:1094F0009A42F5D1038A022BF2D186883046FFF7D3
:1095000097FF05460028EBD001F1120000F08CF81F
:1095100030BB686800F096FB0028E1D009E0C37B0F
:10952000012BDDD14FF6FF70FFF782FF054620B912
:109530000420BDE87040FFF785BF8E881B4A068077
:10954000002303721368C5F80A300A305368436079
:109550001031FFF7A3FF144B6872DB89002BBFD1DA
:1095600029463046BDE87040FFF774BF8088FFF79A
:109570005FFF04460028B3D0406800F063FB08B1E9
:10958000FFF760FF4FF6FF732380A9E78688304618
:10959000FFF74EFF05460028A2D008310A30FFF73A
:1095A0007DFF6872DCE700BFC0350020F035002089
:1095B00050E8002F0B4640E8003C9CF0000FF7D12C
:1095C0001046704750E8003F43EA010240E8002C93
:1095D0009CF0000FF6D11046704750E8002F02EAC9
:1095E000010340E8003C9CF0000FF6D110467047A4
:1095F00050E8003F03EB010240E8002C9CF0000F14
:10960000F6D11046704750E8003FA3EB010240E856
:10961000002C9CF0000FF6D1104670470121FFF797
:10962000D1BF0021FFF7D9BF007800F001007047DB
:109630001FB50021039001AA44F20100CDE90111F8
:1096400000F004F805B05DF804FB000010B572B638
:10965000FEF7C8FCFEF7DAFA0028FBD1104B114CDC
:109660001149E41AE408240444F00100FEF71EFC4A
:109670000E4B1B68DB0700D500BE0D4944F002000D
:10968000FEF714FCBFF34F8F0A490B4BCA6802F474
:10969000E0621343CB60BFF34F8F00BFFDE700BF15
:1096A000A8F30300B8F3030040E80300F0ED00E086
:1096B0004CE8030000ED00E00400FA0500B583B0BB
:1096C00002900091019244F2010071466A46FFF750
:1096D000BDFF03B000BD0000094A53789178013303
:1096E000DBB2994208BF0023117899421FBF037073
:1096F0005078182303FB002014BF0430002070476B
:10970000FC35002073B5054600240DF107000E4618
:109710008DF80740FFF7ECFB0DF10600FFF7DCFFCB
:1097200090B10670094B9DF8062045605A709DF86F
:109730000700FFF701FC24B9054B4FF48012C3F872
:109740000021204602B070BD0424F0E7FC35002063
:1097500000E100E0024B4FF43C6043F00103184786
:1097600060E803002DE9F0412A4CD4F84031012B88
:10977000294B02D01A78002A31D00025C4F8405174
:109780001D70264B1B6853B3254AD4F80465126834
:10979000B61A26F07F46A8461A68B2420AD8B61A08
:1097A00015441A7CDF6922B183F81080D3E90520C3
:1097B000904767BB1B4A1C4B11781B788B4205D125
:1097C0000133DBB2022B08BF002313701278174B52
:1097D00043F82250164B4FF48012C3F80021D4F8FE
:1097E0004431012B04D10023C4F8443107F0B0FC0C
:1097F000D4F80431012B01D107F0C4FC0023C4F8D4
:109800004831C4F84C31C4F80031BDE8F0813B4622
:10981000C2E700BF00100140F83500201C370020CF
:109820001837002015370020143700200C3700208F
:1098300000E100E02DE9F74F994A9A491378097839
:10984000DFF88082984F994264D00133DBB2022B5B
:1098500008BF002313701278944BD8F8006053F8B7
:109860002240331923F07F430022C8F800303B68C0
:1098700011461546944613B942B13B6006E018689C
:10988000A04235D902B13B60001B18604FF00109BE
:109890003B6800930024D8F80030009ADFF828C213
:1098A0000193A2462546002967D01046CA690B4697
:1098B000D3F804B0019E7E49D3F808E0ABEB06066E
:1098C00026F07F468E4200F2BE8076441E604FF046
:1098D0000101C3E901551974DD6138B11E680168E1
:1098E0008E4200F2D5808E1B0660D8610124A7E06D
:1098F000241A0544D868C3F800C0D3F81CE030B17E
:10990000721922F07F42C3E90120D9611946012270
:109910007346B0E700218946BAE7431C9CF8021061
:10992000DBB299428CF800304FF0180303FB00C003
:1099300008BF8CF8005001798368022969D0032997
:109940007BD0012919D1197CB9B9C6685E60066956
:109950009E604669DE608069986110460A46A7E706
:109960007345DEF81C0000F0968071468646BEF115
:10997000000FF5D116461D7432469CF800009CF885
:1099800001308342C9D104B13A603B68BAF1000F9B
:1099900005D1009A9A4202D1B9F1000F36D0ABB38B
:1099A0004449D8F80020D1F80405434C1E682578B6
:1099B000831A23F07F4303333DB94FF48035C1F858
:1099C0004453C1F80453012525709E422CBF9219BF
:1099D000D21822F07F43C1F84035D1F80425121A7D
:1099E00022F07F421B1A033223F07F439A420DD9A3
:1099F000D1F80435C1F84035FFF7ACFE2F4B0122FA
:109A00001A702F4B4FF40032C3F8002103B0BDE8A9
:109A1000F08F96461146AAE7D6690124DEF800E0E9
:109A2000C86110B1016871440160964218BF4FF0DF
:109A3000010AA0E71574D2690124002AFAD113465D
:109A400011461A462FE70199A1EB0B0121F07F4146
:109A500071453ABFAEEB010119601D6037E7A6EB17
:109A60000E06D1F81CE08B46BEF1000F0AD07146FD
:109A7000D1F800E0B645F2D3AEEB060EC1F800E037
:109A80008E4659461E60C3F81CE0CB610346D7E7FB
:109A900083460146ECE78B42BED01646BEE700BFC8
:109AA00014370020153700201C3700200C37002009
:109AB000FEFF7F000010014008370020F83500202D
:109AC00000E100E018370020FC3500202DE9F843C4
:109AD000244E4FF40038C6F88080BFF34F8FBFF399
:109AE0006F8F214C214BC4F848330127C4F8083349
:109AF000DFF8949067600025FFF72CFEA760C9F897
:109B00000050FFF727FE1A4B1D701A4B0B221D80C9
:109B10009A70194B1D60194B1D70194B4FF4801230
:109B20001D70C023C6F8802186F814333260C4F853
:109B3000085586F81133D4F80435C9F800300223EB
:109B4000C4F84433C4F80433C6F88081C6F80080F2
:109B50002760FFF7FFFD0B4B1F7000F08BF82846C6
:109B6000BDE8F88300E100E00010014002000300BE
:109B700008370020FC3500201C3700201437002057
:109B800015370020F935002018370020074B9B7847
:109B90004BB132B128B10368187C20B959745A61AD
:109BA0007047072070470820704700BFFC35002031
:109BB0002DE9F7431F4FBB7805460E469046B3B3D9
:109BC000A8B31D4B4A1F9A422FD843697BB3437CED
:109BD0000024012B0DF107000CBF8946A1468DF82A
:109BE0000740FFF785F90DF10600FFF775FDD0B1CD
:109BF00001230370114B4560D3F80435C0E9049884
:109C0000C0E902369DF806307B709DF80700FFF72B
:109C100093F924B90A4B4FF48012C3F8002120466F
:109C200003B0BDE8F0830424EFE70724F7E7082436
:109C3000F5E700BFFC350020FAFFFF0000100140EF
:109C400000E100E0064A92783AB130B1426922B1AF
:109C5000002202740221FFF755BD0820704700BFA3
:109C6000FC350020014B1878704700BFF935002003
:109C70007047000008B50B4A0B480121FFF786FF2B
:109C800018B10A4A3421FFF719FD00220849094892
:109C9000FFF78EFF28B1054A3521BDE80840FFF7E0
:109CA0000DBD08BD719C0200B8E8030066E8030022
:109CB000FFFF7F00203700200000000000000000B0
:109CC000C3F10803DB0070B50133002403A500BF16
:109CD0005B1920C940CAAD1920C0184720C940CA25
:109CE000754120C020C940CA754120C020C940CA62
:109CF000754120C020C940CA754120C020C940CA52
:109D0000754120C020C940CA754120C020C940CA41
:109D1000754120C06441204670BD00BF00000000B6
:109D2000C3F10803DB0070B50133002403A500BFB5
:109D30005B1920C940CAAD1B20C0184720C940CAC2
:109D4000B54120C020C940CAB54120C020C940CA81
:109D5000B54120C020C940CAB54120C020C940CA71
:109D6000B54120C020C940CAB54120C020C940CA61
:109D7000B54120C06441B4FA84F0400970BD00BF11
:109D80002DE9F041013B00249B0025462646A446D0
:109D90005FF0000E03E05FEA0C0EBEEB030EBCEBBF
:109DA0000E0752F8078051F80E70A7FB0878E419E7
:109DB00055EB080556F100061EF1040E9E4501DC28
:109DC000E645ECDD40F80C402C46354600261CF1FB
:109DD000040C9C45DCDDBCEB430FDCDD40F80C40A3
:109DE000BDE8F081002310B51C465AB2914200DC58
:109DF00010BD40F823400133F7E710B500231A46A1
:109E00005CB2A14203DCB2FA82F0400910BD50F806
:109E1000234001332243F3E74A11012350F8220083
:109E200001F01F0103FA01F108407047013910B534
:109E300049B2041D0A06CBB204D4013954F82120DA
:109E4000002AF7D001335BB273B103F18042013ACB
:109E500050F82220002022B9013B00EB431318B236
:109E600010BD52080130F6E71846F9E710B5002397
:109E70005CB2A24200DC10BD51F8234040F8234000
:109E80000133F5E710B5013A52B2130601D50020AF
:109E900010BD50F8224051F822309C4205D802F102
:109EA000FF32F2D24FF0FF30F2E70120F0E730B599
:109EB00089B0134615460A4601466846FFF730FF4B
:109EC000294604466846FFF798FF003418BF01246E
:109ED0006400002814BF6042C4F1010009B030BD25
:109EE00000EB81010023884200D3704751F8042D14
:109EF00043EA52030B60D307F5E770B59DF91040B4
:109F00001E4623460546FFF7DBFE30B922462946AA
:109F10003046FFF7B7FF012807D0234632462946CF
:109F20002846BDE87040FFF7FBBE70BD70B59DF9D7
:109F300010401E4623460546FFF7F2FE38B1234681
:109F4000324629462846BDE87040FFF7B9BE70BDCD
:109F500030B51C4691B0054693F900306846FFF7CE
:109F60000FFFD4F8B03069462846984711B030BD8D
:109F700013460A46FFF7ECBF2DE9F04793F900605E
:109F800092B0044689461046314615469846FFF77A
:109F900034FF002840F091804246494602A8FFF76E
:109FA000E7FF434602AA21460AA8FFF7D1FF02A90C
:109FB00008464246FFF7DCFF43462A4649464846E4
:109FC000FFF7C6FF08F10407424629462846FFF777
:109FD000CFFF3B462A46214620460096FFF78DFFDD
:109FE0003B462A46294628460096FFF786FF3B4611
:109FF0002A46214628460096FFF798FF43462A4600
:10A0000021462046FFF7A4FF3B462246214628462C
:10A010000096FFF772FF3B4600962A4621462046EF
:10A02000FFF76BFF2368DB074AD533463A462146E4
:10A030002046FFF745FE314682462046FFF750FF97
:10A0400006F18043013B54F8230040EACA7044F80B
:10A050002300424621462846FFF78AFF3B460AAACC
:10A06000294628460096FFF761FF3B460AAA294683
:10A0700028460096FFF75AFF0AA908463B462A469B
:10A080000096FFF753FF43460AAA21462046FFF7F2
:10A090005FFF02AA3B46104621460096FFF746FFA7
:10A0A000324629462046FFF7E1FE49462846FFF79B
:10A0B000DDFE02A94846FFF7D9FE12B0BDE8F087E1
:10A0C00031462046FFF70CFFC3E72DE9F041154666
:10A0D0008AB0044688461C22002103A813F08AFC9B
:10A0E0002E1D95F9007003232A464146204602930F
:10A0F000FFF73EFF334602AA214620460097FFF7AE
:10A1000015FF2B46424621462046FFF721FF0097C8
:10A11000334605F1840221462046FFF7EEFE0AB0E1
:10A12000BDE8F081F0B591B00E461C220021074633
:10A1300001A813F05FFC01241C22002109A800944F
:10A1400013F058FC31466A4611F9045B08942B461B
:10A150006846FFF7B5FD29466846FFF767FE0138F8
:10A1600004B2012C06DC2A4608A93846FFF77EFE19
:10A1700011B0F0BD08A908463246FFF7F9FE2146A6
:10A180006846FFF749FE28B108A933463A46084613
:10A19000FFF7DEFE013C24B2E3E70000F0B5082241
:10A1A00089B00C460646FFF761FECB6A03930B6B42
:10A1B00004934B6B05938B6B0693CB6B0793002734
:10A1C00008236A4669466846CDE901770097FFF79C
:10A1D00077FD082305466A4631463046FFF770FD95
:10A1E000236B0393636B0493A36B0593E36B0544A9
:10A1F000CDE906376A46082369466846FFF760FDE1
:10A20000082305446A4631463046FFF759FD236A64
:10A210000093636A0193A36A0293A36B0693E36BB3
:10A220000793054408236A4631463046CDE9047752
:10A230000397FFF745FD636A0093A36AA26B01933E
:10A24000E36A02930492636BE26B0393CDE9052307
:10A25000236A0793054408236A4631463046FFF7D0
:10A260002FFDE36A0093236B0193636B0293236AD0
:10A270000693A36A0793054408236A46314630468D
:10A28000CDE904770397FFF74BFD236B0093636BD6
:10A290000193A36B0293E36B0393636A0693E36AF0
:10A2A00007932D1A08236A4631463046CDE90477D4
:10A2B000FFF736FD636B0093A36B0193E36B02938F
:10A2C000236A0393636A0493A36ACDE90537236B7A
:10A2D00007932D1A08236A4631463046FFF720FDC2
:10A2E000A36B0093E36BCDE90137636A0393A36A21
:10A2F0000493E36ACDE90537636B07932D1A0823AE
:10A300006A4631463046FFF70BFD2D1A0D4C0FD42F
:10A3100035B9082231462046FFF7B4FD01280FD099
:10A320000823224631463046FFF7FAFC2D1AEFE7A4
:10A330000823224631463046FFF7C2FC2D18F7D4D9
:10A3400009B0F0BDC0E80300F0B5154689B01C4661
:10A3500007460E461A4629466846FFF709FE234679
:10A360006A4639463846FFF7F3FD23462A466946D2
:10A370006846FFF7EDFD23466A4631463046FFF753
:10A38000E7FD09B0F0BD2DE9F0438BB01446129DF6
:10A3900015F9046B00961F46804689462B460246F7
:10A3A000214602A8FFF7C2FD02A9129A0846FFF74C
:10A3B000DFFD129B02AA41464046FFF7C9FD129BF2
:10A3C00002AA21462046FFF7C3FD2B464A463946DE
:10A3D00038460096FFF7AAFD129A394602A8FFF701
:10A3E000C7FD02A92B46424608460096FFF79EFD90
:10A3F00002A92B46224608460096FFF797FD2B46FA
:10A400004246214620460096FFF790FD129B2246C9
:10A4100049464846FFF79CFD2B4602AA4146204686
:10A420000096FFF783FD129B224639463846FFF718
:10A430008FFD2B464A46394638460096FFF776FD93
:10A44000324602A92046FFF711FD0BB0BDE8F083AC
:10A450002DE9F0439BB01646229C14F9045B00954D
:10A4600098460746894623460246314602A8FFF72A
:10A470005DFD02A9229A0846FFF77AFD229B02AAF7
:10A4800039463846FFF764FD229B02AA3146304622
:10A49000FFF75EFD23464A46414602A80095FFF7B6
:10A4A0002CFD23464A46414640460095FFF73EFDB7
:10A4B00023463A4631460AA80095FFF737FD229B0E
:10A4C0000AAA49464846FFF743FD23463246394625
:10A4D0000AA80095FFF711FD229A41463046FFF782
:10A4E00047FD23460AAA314630460095FFF71EFD78
:10A4F00023463246394612A80095FFF717FD229BE6
:10A5000012AA41464046FFF723FD23464A464146EC
:10A5100040460095FFF70AFD229A02A912A8FFF70C
:10A5200027FD12A923460AAA08460095FFF7FEFC5C
:10A5300023463A4612A90AA80095FFF7F7FC0AA994
:10A54000229B02AA0846FFF703FD23464A460AA9B2
:10A5500048460095FFF7EAFC2A4612A93846FFF75D
:10A5600085FC1BB0BDE8F0832DE9F041B3F9024052
:10A5700014F11F0548BF04F13E050F4603F1240600
:10A5800045F34715904601462B4632463846FFF7BD
:10A5900097FB90B9B4EB451F11DA21463846FFF717
:10A5A0003BFC041C18BF01242B463246394640466A
:10A5B000FFF786FB2046BDE8F0810124F4E704465E
:10A5C000F2E7F0B500254F1E6CB28C4205F1010593
:10A5D00000DBF0BD3B1B23F0030603F00303965999
:10A5E000DB0026FA03F30355EEE7F8B50E46D11C5F
:10A5F00048BF911D144641F387010546671EFFF7CA
:10A60000F1FB00214AB2A24201F1010100DBF8BDD9
:10A61000BB1A23F00300B25C03F00303DB0002FA71
:10A6200003F32A581A432A50ECE700002DE9F84FAB
:10A630008A461A4F0646114650461546FFF7F6FB66
:10A640003B68FBB10424C0EB451015FB04FB00B2D2
:10A6500004FB05644FF0FF38043C28FA00F84FF083
:10A6600040093B6859463046984758B1236803EA89
:10A670000803236029463046FFF7BFFB20B1B9F13C
:10A680000109EED1002006E02A4631465046FFF788
:10A690000EFC0128F3D1BDE8F88F00BF642E002026
:10A6A00008B589B206F03CFE012008BD70B503680C
:10A6B00013F001050646144605D013460A46014626
:10A6C000FFF7FEFA054621463046FFF709FC45B183
:10A6D00004F18042013A56F8223043F0004346F834
:10A6E000223070BDF0B50F46A1B006461946384677
:10A6F00015461C46FFF781FB20B13046FFF772FB81
:10A7000021B0F0BD224639466846FFF7AFFB294627
:10A7100008A8FFF7ABFB10A82146FFF763FB012356
:10A7200018A81093FFF75EFB224608A96846FFF7BA
:10A73000A9FB28B9224610A93046FFF797FBDFE7AF
:10A74000009BDA0709D421466846FFF7C9FB224679
:10A75000294610A8FFF7AAFFE6E7089BDB0707D406
:10A76000214608A8FFF7BCFB2246294618A8F1E7B6
:10A77000002823461CDD08AA69466846FFF7D0FA80
:10A7800021466846FFF7ACFB224618A910A8FFF740
:10A7900079FB002805DA10A923462A460846FFF768
:10A7A0008FFA10A9234618AA0846FFF7B9FACEE790
:10A7B00008A96A460846FFF7B3FA214608A8FFF73A
:10A7C0008FFB224610A918A8FFF75CFB002805DACA
:10A7D00018A923462A460846FFF772FA18A9234605
:10A7E00010AA0846FFF79CFABEE72DE9F04FB1B07A
:10A7F000CDE904013B9C069294F9007018A83A46F2
:10A800001E46FFF733FBBB000793059BBA001344BA
:10A8100019463A4628A80293FFF728FB94F90050FE
:10A82000002E00F087802A46314608A8FFF71EFB5D
:10A8300010AE2A4618A930460DF18009FFF716FB25
:10A8400028A94846FFF712FB234608AA28A918A8FA
:10A85000FFF77AFDD4F8A450234608AA28A918A81F
:10A86000A847234608AA49463046FFF76DFDBDF9C3
:10A87000E850023D2DB2002D63DC069B1D6800945C
:10A8800005F0010610AB7601ED4303EB060805F079
:10A89000010520AB1E446D0110AB03EB050920AB95
:10A8A0001D4404F1040A2B464A4631464046FFF750
:10A8B000CFFD534610AA18A908A80097FFF736FB4A
:10A8C00008A9234632460846FFF742FB08A923465B
:10A8D000059A0846FFF73CFB08A93B465246084646
:10A8E000FFF700FF08A92346029A0846FFF730FB4E
:10A8F00008A9234642460846FFF72AFB0094334640
:10A90000424629464846FFF73EFD234608AA20A9AD
:10A9100010A8FFF719FD3A4610A90498FFF7A6FA08
:10A92000049B079C234420A91846FFF79FFA31B0E7
:10A93000BDE8F08F294608A8FFF754FA01230893D1
:10A9400076E729460698FFF767FAB0FA80F04009E3
:10A95000C0F101084FEA4818400106EB080B06EB6E
:10A96000000AC84409EB0003524641465846009489
:10A970000393FFF76DFD009443465A4603995046F2
:10A98000FFF701FD013D75E730B5144695B005466A
:10A990000CAA2346084604A902910392FFF7E4FD9E
:10A9A000B0FA80F014AB400903EB80006388019497
:10A9B00001331BB2009350F8482C002304F14401EA
:10A9C0002846FFF712FF2178490049B22846FFF7D1
:10A9D00014FAB0FA80F0400915B030BD0048704755
:10A9E000BCE803002DE9F041064698B00F46144636
:10A9F000402502F12408B4F9023013F11F0248BFC8
:10AA000003F13E0242F3471241466846FFF70EFE4D
:10AA100030B32246694608A8FFF7B6FFF0B1B4F993
:10AA20000230D91D48BF03F10E016A46C9103846ED
:10AA3000FFF7C7FD08AA94F901103046FFF7C1FDE2
:10AA400094F9011094F9002008AB701803EB82020E
:10AA5000FFF7B7FD012018B0BDE8F081013DCAD174
:10AA60000020F8E72DE9F0471C4693F9017093F9AF
:10AA70000090B3F90230A4B09046DA1D48BF03F14C
:10AA80000E0204AD82460CAE2846D2100295039603
:10AA9000FFF7ABFD3A46514614A8FFF7A6FD14ABED
:10AAA00003EB89003A460AEB0701FFF79EFD2346B8
:10AAB000324629462846FFF757FD194B1E680546C2
:10AAC00056B124AB03EB80034A4653F8886C211D32
:10AAD0003046FFF7ABFDF8B1B5FA85F024AB40097D
:10AAE00003EB80006388019401331BB2009314A927
:10AAF000334650F8882C0846FFF777FE14AA3946EB
:10AB00004046FFF75EFD2178490049B214A8FFF7DF
:10AB100074F9B0FA80F0400924B0BDE8F08700BFB6
:10AB2000642E00202DE9F04791F90070FDB20E4629
:10AB3000690090B049B28046FFF75FF9044678BBE0
:10AB400006F1040A3A4641465046FFF79BF90128B0
:10AB50001AD108EB87093A4649465046FFF792F961
:10AB6000012811D13246684608AFFFF701FAD6F83E
:10AB7000AC3032464146384698476B1E5BB21A06E7
:10AB800006D5B4FA84F46409204610B0BDE8F08715
:10AB90005DF8232057F823104A401443013BEEE7A9
:10ABA0000024F1E730B50C4691B0054691F901203B
:10ABB00001466846FFF719FD94F9012094F9000059
:10ABC000A9180DEB8000FFF710FD21466846FFF73E
:10ABD000A9FF11B030BD0369C1688B429DBF826877
:10ABE000D21802F1FF3203F1FF3394BF501A581A02
:10ABF00070472DE9F041D0E9027405463E1B4068DC
:10AC0000964220448846144404D912F0E5FEEC60D4
:10AC1000BDE8F0813246E41B12F0DEFE224608EB6E
:10AC200006016868F1E72DE9F843C56806468946DC
:10AC300017464FF000083469B3687068A54228BF12
:10AC4000E418013C621B5C1BBC4228BF3C4694429A
:10AC500028BF144649462844224612F0BDFEB36878
:10AC60002544AB4208BF00253F1BA044A144F5602A
:10AC7000E1D14046BDE8F88310B5114C114AA261FC
:10AC80000123C4E90433104BE3614FF400632362F2
:10AC90000023C4E90B320D4A62630D49A36280228E
:10ACA000E01D63622364E3636364A26312F062FFE6
:10ACB0000849204612F05EFF2023A37110BD00BF9B
:10ACC000046B002070E90300C037002040370020EB
:10ACD00079E903007DE90300F8B5184C182300FB5F
:10ACE000033503FB00402544C46A012C0F46164679
:10ACF00011D024B1022C1BD000242046F8BD2846D8
:10AD0000FFF769FFB042F8D3324639462846FFF7CD
:10AD100070FF3446F1E72846FFF75DFF8642344670
:10AD200028BF0446224639462846FFF762FFE4E77B
:10AD30002846BDE8F840FFF776BF00BF046B00204F
:10AD4000FFF79ABF38B5837803F003020446032A5D
:10AD500022D8DFE802F00214191D9B08154A164894
:10AD6000126813440268A3600021EAB195685D1B74
:10AD7000002D16DAD1B91146E160046038BD9B0898
:10AD800003EB83035B00E9E79B0864225343E5E799
:10AD90009B0841F27072F9E7784610F099F80023A9
:10ADA000DCE71146D268E0E70029E5D0CC60E2603C
:10ADB000E4E700BFD83F0020E03F0020032808B5AB
:10ADC00003D8044B53F8200008BD784610F080F8F3
:10ADD0000020F9E784E903002DE9F041574D2B7875
:10ADE000ABB1574B574E5F6806F08EF9044630788A
:10ADF000FFF7E4FF3278544B2044C01B002A40D1B7
:10AE00004CF2503290423CD91A6801321A60DFF895
:10AE10004881D8F80020002A00F08780494E9378B6
:10AE2000307803F003038342344664DD464B976871
:10AE30001B68FB1A454F5F43FFF7C0FFD8F800308F
:10AE4000B7FBF0F09F78C7F30107FBB2022B1FD0CE
:10AE500031D8012B47D10A22B0FBF2F302FB1300D9
:10AE6000002840D106F050F900F5742101F5107169
:10AE700037702B78002B50D03148BDE8F04106F0F8
:10AE80001EB91A683149B0FBF1F010441860BEE7F2
:10AE9000337863B96422B0FBF2F302FB130010BBFA
:10AEA00006F032F92A49022301442370E1E7012B1D
:10AEB00019D10A22EFE7337863B941F27072B0FB1F
:10AEC000F2F302FB130070B906F01EF921490323C7
:10AED0000144EAE7012B02D14FF41672EFE7022B8F
:10AEE00001D13C22EBE706F00FF906462078FFF788
:10AEF00065FF3118BDE706F007F9D8F800300446C1
:10AF0000987800F00300FFF759FFD8F800309B78DD
:10AF1000C3F3010321183370ABE7094801234160F3
:10AF20002B70BDE8F04106F099B82B7823B10448A6
:10AF3000BDE8F04106F0B0B8BDE8F081DC3F00208C
:10AF4000C03F0020DD3F0020D83F0020A086010048
:10AF5000809698000046C323E03F00202DE9F3418E
:10AF6000244B1B78032B2AD8DFE803F0021B1F2396
:10AF7000214A136801331360204B214E1E4D0022DD
:10AF80001A70B04634683CB1A3682A6893421AD05C
:10AF90002A689B1A002B16DBFFF71EFF02B0BDE8E4
:10AFA000F081154A13680A33E5E7134A13686433DE
:10AFB000E1E7114A136803F5BB531033DBE778462A
:10AFC0000FF086FFD8E72788E368C8F8003001A9AA
:10AFD00000233846019301F06DFB10B178460FF065
:10AFE00077FF38466368019998472046FFF7AAFE25
:10AFF000C8E700BFDD3F0020D83F0020DC3F002035
:10B00000E03F002010B5084C18220021204612F025
:10B01000F1FC064B064AA36000231360054A136047
:10B02000054A137010BD00BFC03F00205DAF020095
:10B03000D83F0020E03F0020DC3F002008B5054B52
:10B040001B7813B1044806F027F8BDE80840FFF765
:10B05000D9BF00BFDC3F0020C03F0020F8B50F463D
:10B060001646044610B978460FF032FF124D06F02E
:10B070001FFD2B6800220BB1A34216D1A17867F304
:10B08000010166F38701A1709BB1DB6882B92B6077
:10B090002EB12046FFF756FE2B689C4201D1FFF7E8
:10B0A0009BFEBDE8F84006F043BD1A46DB68E2E7C8
:10B0B000D360002EF5D0ECE7E03F00200A4B93F878
:10B0C000390093F85D2080F00100404280B24AB11F
:10B0D0004FF6FF72904204D0586D1B6BC01AC00F20
:10B0E00070470120704700BFE43F002038B5154C81
:10B0F000242303FB0043054693F8393013B97846FF
:10B100000FF0E6FEB4F8603013B978460FF0E0FEB9
:10B11000242202FB0543002183F83910B4F8603083
:10B12000013B9BB2A4F860301BB94FF6FF73A4F843
:10B13000623002FB0544A06A09F031F80023A362E3
:10B1400038BD00BFE43F00202DE9F84F2E4DB5F883
:10B150006030064613B978460FF0BAFE2A4C06F561
:10B160007A7B00274FF0010948F2111A94F8393020
:10B170001FFA87F8C3B1236BA3EB0B03002B13DA81
:10B18000A38DA26A04F11801404600F087FD102843
:10B1900027D809FA00F313EA0A0F25D11B4A1342F4
:10B1A0001ED04046FFF7A2FF2434BFB1FFF786FF51
:10B1B000B5F86030A5F862001BB3012802D97846C3
:10B1C0000FF086FEB5F86230242202FB03531B6B9E
:10B1D0009A1B48BFF21AEA60BDE8F88F0127C5E75D
:10B1E00010B178460FF074FE94F83830013BDBB2B2
:10B1F00084F83830002BD4D0D4E90C3213442363C4
:10B20000D2E7EB60E8E700BFE43F0020A0020100C6
:10B2100010B5064C64220021204612F0EBFB044BD3
:10B22000A3604FF6FF73A4F8623010BDE43F002026
:10B2300049B102002DE9F047012806468846174625
:10B240009A46BDF8209002D978460FF041FEB8F139
:10B25000000F02D178460FF03BFE17B978460FF089
:10B2600037FE98F800305B0702D178460FF030FEC9
:10B27000BAF1000F02D178460FF02AFEB9F1000FA3
:10B2800002D178460FF024FE274C242303FB06430B
:10B2900093F8393013B13046FFF728FF05F034FF3B
:10B2A000844697E80F00242505FB064505F1180E96
:10B2B0008EE80F00C5F828A0A5F82C9098F800306B
:10B2C000C3F3020385F8383098F80000C3084CF245
:10B2D000503003FB0000012385F83930B4F86030AA
:10B2E0006863604401332863A4F86030FFF7E6FE2A
:10B2F000B4F86230984201D1864213D14FF6FF7301
:10B300009842A4F8620002D178460FF0E1FDB4F84B
:10B3100062300548242202FB0344216BBDE8F0475C
:10B3200005F0CDBEBDE8F087E43F00204A090123C7
:10B3300001F01F0103FA01F150F82230194214BF45
:10B340000120002070474FF6FF72B2EB104F82B021
:10B3500083B215D113F47F4007D003F44043B3F513
:10B36000004F14BF0020012006E023F07F022AB91D
:10B370007F3B18BF0123184602B070470346FAE727
:10B3800023F03F03C02BECE701289FBF054B382279
:10B3900002FB003090F8340094BF00F00100002060
:10B3A000704700BF9C4000204B88012B82B00DD11C
:10B3B0008B88022B0AD10B88022B07D1044A137801
:10B3C00043F001031370002002B070470B20FBE72D
:10B3D0000E410020012382B04B8002238B800B8022
:10B3E00002B07047C0F30F43A3F540539BB2012B4B
:10B3F00037B514D80C4A107810F0040011D10B4C5A
:10B400000C2253430A68E518D2436A604A68D24363
:10B41000AA60E25C22F00602E25403B030BD0520CF
:10B42000FBE70020F9E700BF0E410020104100209B
:10B43000C0F30F40074BA0F540500C2280B202FB36
:10B44000003082B04368DB430B608368DB434B60B2
:10B4500002B0704710410020000CB0F5804F04BFCF
:10B460000A78044B82B00ABF002005201A7002B08F
:10B47000704700BF682E0020024B1B780B7082B013
:10B4800002B07047682E002017B40190C0F30F403F
:10B490000B46A0F58050064980B2062404FB00113B
:10B4A0000222184603B05DF8044B12F095BA00BFB3
:10B4B0008640002017B40190C0F30F400B46A0F562
:10B4C0000050064980B2382404FB001114221846AB
:10B4D00003B05DF8044B12F07FBA00BF9C4000201F
:10B4E000F7B5C0F30F43A3F500539BB2012B0190B6
:10B4F00024D81548007810F004061DD13820134DCB
:10B500008F894343EC18A08987421AD10888EB5AE7
:10B51000984216D148886388984212D1CA89E38933
:10B520009A420ED11422204612F056FA94F8343082
:10B5300023F0060384F83430002000E0052003B037
:10B54000F0BD0B20FBE700BF0E4100209C40002017
:10B5500070B51C460B89B3F5BE7F0546164606D36B
:10B56000092323602068B0FA80F0400970BDFFF71E
:10B570000BFF28B10C48382303FB050083890BB16E
:10B580000523EEE73EB982884FF6FF739A4206D054
:10B59000C2889A4203D00868FFF7D5FE08B907238E
:10B5A000DFE70023DDE700BF9C40002010B50F4C13
:10B5B00070220021204612F01DFA062200210C48BC
:10B5C00012F018FA182200210A4812F013FA012387
:10B5D000094AA384A4F85C30084BE2606264042248
:10B5E0004FF0FF311A706160E16310BD9C40002094
:10B5F0008640002010410020FFFF0200682E00203E
:10B600002DE9F04F8FB0064602A8884614460193F4
:10B6100002F024F9324ABDF80A10382303FB06234E
:10B620009F89B94204D8102318460FB0BDE8F08FA7
:10B63000BDF808A003AD002C40D004F10C0103C9F3
:10B64000B4F81EB0B4F82490247F85E803003CB120
:10B65000382101FB0626747CFF2C04BF214A147894
:10B6600005AE24220021304612F0C4F90BAA594637
:10B67000484602F041FE03460028D5D198F80A203A
:10B680008DF81F2095E8030098F80B208DF82020F6
:10B69000019A0992BDF86020ADF8282086E80300E1
:10B6A000D8F80C208DF81E40194657443046ADF8A6
:10B6B0001C700D9205F0DCFA0346B5E72946D888E0
:10B6C000B3F804B002F042F938B9BDF80E30002BDF
:10B6D000A9D04FF6FF79024ABAE70523A4E700BFD5
:10B6E0009C400020682E00202DE9F04F85B0984640
:10B6F00003AB81460D4692460E9FFFF729FF18B90E
:10B70000039805B0BDE8F08F0B8849884FF6FF72AB
:10B7100091422FD1FF2B8CBF4FF0020B4FF0010B4A
:10B720002E895E44B6B2304608F037FD044680B339
:10B730006A882B884FF6FF708242D9B21DD06270A2
:10B74000120A2170A2702A89696804EB0B0012F0BA
:10B7500043F900962346524629464846FFF750FFD4
:10B76000039018B9B8F1000F00D077B9204608F05F
:10B7700016FDC5E74FF0030BD2E713F47F4F1DBF53
:10B780001B0A237061702170DDE7C8F800403E801D
:10B79000B7E70420B5E70000000CB0F5805F82B089
:10B7A0000FD10B4B187810F004000CD1094B09880D
:10B7B0001A88914209D15A7922F006025A7102B0D0
:10B7C00070470520FBE70020F9E70B20F7E700BFF3
:10B7D0000E410020864000200C4B1B785B0782B096
:10B7E00008D40C230A4A5843135C43F0040313544F
:10B7F00002B07047022300F54050ADF80430ADF8B8
:10B800000600019802B008F03BB900BF0E410020CD
:10B81000104100201FB5144B144A1B7813F0040F7D
:10B820004FF00C0307D14343D15C41F00201D154E6
:10B8300005B05DF804FB03FB002302215A689B68F6
:10B84000ADF80410DB43039300F54053ADF8063028
:10B85000D24302A90198029208F0B4F80028E7D078
:10B8600078460FF035FBE3E70E4100201041002041
:10B8700007B5134B13491B7813F0040F0BD1382372
:10B8800003FB001090F8343043F0020380F83430AA
:10B8900003B05DF804FB0223ADF8043000F500535B
:10B8A000ADF80630382303FB0011019808F08AF840
:10B8B0000028EDD0784603B05DF804EB0FF008BB2C
:10B8C0000E4100209C40002007B50C4B1B785B0705
:10B8D00007D40B4A537943F00203537103B05DF868
:10B8E00004FB0749074808F06DF80028F6D07846B1
:10B8F00003B05DF804EB0FF0EBBA00BF0E4100207F
:10B9000086400020020000104B0901F01F024FF09A
:10B91000FF31914050F82320114049B14A420A407A
:10B9200006495143C90E064A505C00EB431070476C
:10B9300013B941680123F0E72820704731B57C072F
:10B94000A8E903002DE9F04F4F4E337843F004038C
:10B9500013F0020785B0337003D00B2005B0BDE8AB
:10B96000F08F13F0010F494C19D0A0464FF6FF7924
:10B970004FF00C0BB8F80C304B450CD0B8F8060063
:10B9800048455AD1B8F80E50022D5BD1382303FB3D
:10B99000074300229A7408F13808002F4BD03C4D21
:10B9A0002B7813F0040064D1990701D5FFF732FF1B
:10B9B0002B7823F006032B702B7B5A075DD50120D3
:10B9C000FFF70AFF2B7B23F006032B73314D6B79B6
:10B9D000980701D5FFF778FF6B7923F002036B71AD
:10B9E00094F83430990702D50020FFF741FF94F80E
:10B9F000343023F0020384F8343094F86C309A0722
:10BA000002D50120FFF734FF94F86C3023F00203D5
:10BA100084F86C303378DB070BD41F480290022384
:10BA200002A9ADF80C3007F0CDFF10B178460FF049
:10BA30004FFA002092E701279CE701F023FF00283E
:10BA4000A0D08AE7124B0BFB0535043500212846B0
:10BA5000FFF75AFF2828824698D01FFA8AF001F093
:10BA600059FF00287FF479AF0AF101012729EED9A7
:10BA70008CE70020FFF7B0FE9AE79F07A2D50120D0
:10BA8000FFF7C8FE9EE700BF0E4100209C4000204B
:10BA90001041002086400020020001002DE9F74FF0
:10BAA00000F114040546204602F0B6FE0026814649
:10BAB00000284BD04FF6FF73ADF802302B7D012BE1
:10BAC00047D101A801F0CAFEEE8ABDF80430F61A8B
:10BAD000B6B2C846384C4FF0020AB8F1000F4BD04E
:10BAE000A089831B5842584194F83430B5F800C0FF
:10BAF000B5F802E0A18D03F0010300278F424CD37B
:10BB00000027BB46EBB1E0B1E98B04F10800FFF779
:10BB10000DFCB0B1BBF1000F13D02B7DCAF1020BAD
:10BB2000012B1FFA8BFB04D1226B2946584600F0EB
:10BB300015FFA36A226B03EBC70729467B685846AB
:10BB40009847BAF1010F04F1380412D103B0BDE8EF
:10BB5000F08FEB8A04339BB2032BBAD90DF10201AB
:10BB6000204601F085FF10B178460FF0B1F9B046DC
:10BB7000B0E74FF0010AB0E7E08901280BD80F4B7E
:10BB8000BDF802100C2202FB00300430FFF7CEFBA0
:10BB900000F00100A8E74046FAE7A26A02EBC70BF3
:10BBA00032F83720624503D1BBF80220724501D03C
:10BBB0000137A3E7CB46A5E79C40002010410020B9
:10BBC000F0B505788BB004461DB1142D5AD00BB0DA
:10BBD000F0BD43681E7806F0C002402A46D03BD82C
:10BBE000002A43D02E46206A01F0B0FF0746E069E4
:10BBF00001F098FF4FF6FF729542ADF80060ADF886
:10BC0000025063683CD1B6F5807F34BF0122022226
:10BC1000134401932389ADF824009B1AADF8083032
:10BC2000237B8DF80C30E389ADF80E302369049343
:10BC3000237D8DF81430E38AADF81630A36906939E
:10BC400094F824308DF81C306846E36AADF81E7015
:10BC50000893FFF723FFBAE7802A0DD0C02AC1D18D
:10BC60009A785D78B6B245EA0225BCE7B6B27F2E77
:10BC7000ADD04FF6FF75B6E75B7843EA0626F8E7E6
:10BC80000322C5E7C388022B01BF034A137843F0A0
:10BC9000020313709BE700BF0E410020F0B506467B
:10BCA00085B014461D4681B17AB173B103AB002251
:10BCB000FFF74EFC10B9039805B0F0BD0095234680
:10BCC00000223046FFF79CFCF6E70E20F4E7000068
:10BCD00008B500F08BFEFFF7B1F9FFF767FC054AE6
:10BCE000137823F0030313700220BDE8084007F027
:10BCF000F1BE00BF0E41002008B5FFF757FC084811
:10BD0000084B036004F0B6FF00F05CFEFFF77AF921
:10BD1000FFF77EFA044A137823F00703137008BD77
:10BD200090400020C1BB02000E4100202DE9F041EF
:10BD30000D460446002800F0BE80002900F0BB80BC
:10BD4000C3681BB18368002B00F0B5804FF6FF730A
:10BD50002B80E3681BB9A368002B40F0AE80A3885A
:10BD6000002B40F0AC8002F07BFD10B10F20BDE84D
:10BD7000F081564BA788062202FB07329178D278D1
:10BD8000D14219466AD1D4E902870026B74240F071
:10BD90008B802A884E4E4FF6FF739A4243D196F815
:10BDA000343013F0010305D096F86C30DB0700F156
:10BDB0008A80012338222B8002FB03634FF6FF7039
:10BDC000D8802B8802FB036398802B88A78802FB0E
:10BDD00003639F812B88678802FB03635F802B8846
:10BDE00027885343F7522B8802FB03625074228842
:10BDF000A38882424FF0060202FB03130BBF9A781E
:10BE0000DA78013201320CBF9A70DA702B8838224E
:10BE100002FB036393F8342042F0010283F83420DC
:10BE20002888FFF725FD2B882169382202FB036350
:10BE3000002019632B88A16802FB036399622B8899
:10BE4000E16802FB036399852B88616902FB036348
:10BE500099612B8802FB0366B38288E71C4B22881A
:10BE6000B3F80CC06688BC4507D1B3F802C0B4452E
:10BE700003D1B3F800C094450CD0B3F84400B842E5
:10BE800081D1588FB0427FF47EAF188F90427FF4FB
:10BE90007AAF01203822288002FB003090F834303D
:10BEA000DA077FF570AF61E758F83600FFF74BFA15
:10BEB00038B101366AE70E2059E7092057E7052017
:10BEC00055E7072053E7042051E700BF86400020D4
:10BED0009C4000207FB505460E4619B30DF10A03BC
:10BEE0000022009303ABADF80A20FFF7FDFB0446E8
:10BEF00088B90D48039B38226A438118C97C4907D9
:10BF00000CD002F11301BDF80A2000920144324620
:10BF10002846FFF78FF9204604B070BD184608F098
:10BF20003EF9F8E70E24F6E79C40002013B51446CE
:10BF30000A4639B134B1002300932146FFF7D4FB00
:10BF400002B010BD0E20FBE710B50446FFF71CFA47
:10BF500070B127290ED8084A382303FB0423DA8856
:10BF60008A4203D0D9802046FFF782FC002000E0FF
:10BF7000052010BD0720FCE79C40002010B50446BA
:10BF800051B1FFF701FA48B1054B382202FB0434E6
:10BF90000020E3880B8010BD0E20FCE70520FAE7A7
:10BFA0009C400020012838B51BD80F4B382202FBDB
:10BFB000003292F83440E40713D5D27C01F0070434
:10BFC00002F00705A54204D1C1F3C404B4EBD20FBB
:10BFD00005D0382202FB0033D974FFF749FC00205A
:10BFE00000E0052038BD00BF9C40002069B1012859
:10BFF0000DD8084B382202FB003090F83430DB07B4
:10C0000005D5C37C0B70002070470E2070470520BB
:10C01000704700BF9C40002038B50446154699B1D2
:10C0200092B1FFF7B1F988B10A48382303FB040045
:10C0300083696BB1837CC3F301030B70837CC3F30F
:10C0400085032B70002038BD0E20FCE70520FAE7A1
:10C050000620F8E79C4000202DE9F34100230DF174
:10C0600007020DF1060105468DF806308DF8073000
:10C07000FFF7D2FF10B178460EF02AFF284E9DF848
:10C0800007709DF80610382303FB05633C46B3F8A0
:10C090002480032923D8DFE801F005021A1E07EBEC
:10C0A00087046400B4FBF8F33F2B1CD8002F35D075
:10C0B000012B38BF0123DFB20021382000FB0560CF
:10C0C0003A461430FEF7CAFF02B0BDE8F08164249E
:10C0D00017FB04F4E6E741F270747C43E2E778462C
:10C0E0000EF0F6FEDEE740F27622934205D80A22F1
:10C0F0000121B3FBF2F3DFB2DFE741F69C0293428A
:10C1000095BF642241F27072B3FBF2F3B3FBF2F31A
:10C1100099BFDFB20221DFB20321CEE73946CCE777
:10C120009C400020012810B50FD80B4A382404FB8E
:10C13000002393F83420D20707D59A693AB141B168
:10C140009984FFF789FF002010BD0520FCE7062039
:10C15000FAE70720F8E700BF9C400020012838B527
:10C16000044628D8174B382000FB043090F8345090
:10C1700015F0010F1D461ED08369F3B13F2A1ED86A
:10C1800003291CD8837CB2EB930F03D103F0030384
:10C190008B420ED0382303FB0453987C62F3870054
:10C1A00061F3010098742046FFF756FF2046FFF721
:10C1B0005FFB002000E0052038BD0620FCE70720DB
:10C1C000FAE700BF9C40002038B5044602F048FB67
:10C1D00030BB2046FFF7D8F820B3144D382202FBBD
:10C1E0000452D289022A19D1114A137813F001009E
:10C1F00003D0137BD90717D401200C21414323F02E
:10C20000040343F001035354382303FB045380B267
:10C21000D881FFF7FFFA2046FFF72AFB002038BD40
:10C220000F20FCE70520FAE70420F8E79C400020F7
:10C2300010410020F8B504460E46FFF7A5F808B3F4
:10C24000134B382202FB0434E789022F1CD0272924
:10C250001CD8104B0C2505FB073504352846FFF785
:10C2600065F868B97209012306F01F0603FA06F69D
:10C2700055F82230334345F822303846FFF7CAFAE2
:10C28000002000E00520F8BD0620FCE70720FAE7C3
:10C290009C4000201041002070B504460D46FFF779
:10C2A00073F810B3144B382202FB0434E689022ED3
:10C2B0001DD027291DD8114B0C2404FB063404344F
:10C2C0002046FFF733F878B16A09012305F01F050E
:10C2D00003FA05F554F8223023EA0503304644F802
:10C2E0002230FFF797FA002070BD0520FCE70620FA
:10C2F000FAE70720F8E700BF9C400020104100202B
:10C300002DE9F047064615460F4651B34AB3FFF7ED
:10C310003BF840B3174B382202FB0636F389022B59
:10C3200023D00024DFF85090B5F800802C804FF027
:10C330000C0AF08901280ED80AFB0090214604302F
:10C34000FEF7F4FF38B12B88984510D927F8134031
:10C350002B8801332B800134282CEAD10020BDE842
:10C36000F0870E20FBE70520F9E70620F7E7092014
:10C37000F5E700BF9C400020104100202DE9F0416E
:10C3800007468846FFF700F8A0B1112915D83825CF
:10C390000B4E7D4308357019FEF7C8FF40B90123E5
:10C3A00003FA08F1735938460B437351FFF760FAEB
:10C3B000002000E00520BDE8F0810720FBE700BF7A
:10C3C0009C400020F8B506460F46FEF7DDFFA8B1F9
:10C3D000112915D838240B4D744308342819FEF759
:10C3E000A5FF50B1012303FA07F12B59304623EA88
:10C3F00001032B51FFF73CFA0020F8BD0520FCE7B4
:10C400000720FAE79C4000202DE9F041064615463A
:10C410000F46F9B1F2B1FEF7B7FFE8B1104BB5F82E
:10C4200000803822002402FB06362C800836214684
:10C430003046FEF77BFF38B12B8898450ED927F898
:10C4400013402B8801332B800134082CEFD10020BE
:10C45000BDE8F0810E20FBE70520F9E70920F7E7AA
:10C460009C40002010B50446FEF78EFF70B11129E4
:10C470000ED8084A382303FB04239A888A4203D043
:10C4800099802046FFF7F4F9002000E0052010BD58
:10C490000720FCE79C40002010B5044651B1FEF790
:10C4A00073FF48B1054B382202FB04340020A388F7
:10C4B0000B8010BD0E20FCE70520FAE79C40002011
:10C4C0001FB503068DF8070009D4012807D00DF128
:10C4D0000701044807F076FA05B05DF804FB072071
:10C4E000FAE700BF02000040014B1878704700BF18
:10C4F000682E002010B5044651B1FEF745FF48B143
:10C50000054B382202FB04340020237C0B7010BD45
:10C510000E20FCE70520FAE79C40002010B50446F9
:10C52000FEF732FF80B181F080037E2B0ED9084ADE
:10C53000382303FB04235A7C8A4203D059742046D3
:10C54000FFF796F9002000E0052010BD0720FCE76A
:10C550009C40002010B5044651B1FEF715FF48B1CC
:10C56000054B382202FB04340020637C0B7010BDA5
:10C570000E20FCE70520FAE79C40002010B5044699
:10C5800060B9074B1A888A4206D05A79198042F05E
:10C5900001025A71FFF798F9204600E0052010BD0E
:10C5A0008640002021B128B9034B1B880B807047BF
:10C5B0000E207047052070478640002021B128B921
:10C5C000034B9B780B7070470E2070470520704717
:10C5D0008640002021B128B9034BDB780B707047EF
:10C5E0000E207047052070478640002010B5044695
:10C5F00061B1FEF7C9FE58B1064B382060431A18E6
:10C6000052884A801B5A0B80002010BD0E20FCE788
:10C610000520FAE79C40002073B5019112B310B1D8
:10C62000052002B070BD4FF6FF730F4913808B8950
:10C63000BDF80440BDF8065008462BB94E88AE42FE
:10C6400002D10988A1420AD0B0F84430002BE7D1CA
:10C65000438FAB42E4D1038FA342E1D10123138086
:10C660000020DEE70E20DCE79C40002070B5C1B161
:10C67000BAB1C0B90E4B158810801488AC4214D2E0
:10C6800093F83460F60706D59E8926B921F8140080
:10C69000148801341480383308B1002070BD0120A3
:10C6A000EBE70E20FAE70520F8E70920F6E700BFE0
:10C6B0009C40002010B5044651B1FEF765FE48B11C
:10C6C000054B382202FB04340020236B0B6010BDA5
:10C6D0000E20FCE70520FAE79C40002070B50646D6
:10C6E000FEF752FEE0B1382575430E4C002205F1ED
:10C6F0001400114620442C44FEF7B0FC304600F0F4
:10C70000BBF9E08801F0DEF800254FF0FF3330463A
:10C71000636065746582A575FFF7AAF8284670BD49
:10C720000520FCE79C400020112837B505461CD8A1
:10C730000DF106010020FFF7AFFE28B9BDF8063065
:10C74000AB4201D1FFF7CAFF0DF106010120FFF74F
:10C75000A3FE044658B9BDF80630AB4202D1012011
:10C76000FFF7BCFF204603B030BD0724FAE70024E2
:10C77000F8E700002DE9F04F474BB3F8702085B083
:10C7800006469B4612B978460EF0A2FB434B424C3C
:10C79000019301224FF6FF7700251A7006F57A788B
:10C7A000ABF872704FF02C09AA4694F84030C3B130
:10C7B000236BA3EB0803002B17DA84F840A0BBF827
:10C7C0007030013BABF8703003A9208BFFF772FF8C
:10C7D00010B178460EF07CFB636B0399208B01222D
:10C7E00098472C343DBB0125DFE7A36BA3EB080280
:10C7F000002A41DAABF8725004F11C01208BFFF7DC
:10C8000069FB30F008030CD1D4E90E231A445B0015
:10C81000A263E363226BA36BD31A002BE1DAA2635A
:10C82000DFE7042822D12C2303FB05B5AB6B03F50E
:10C830001C434033AB63BBF8703053B3BBF872306A
:10C84000012B02D978460EF043FBBBF872302C2244
:10C8500002FB03B39B6B9A1B48BFF21ACBF80C2068
:10C86000019A0023137005B0BDE8F08F0F28DAD0CD
:10C8700078460EF02DFBCDE7BBF87220BA4205D00A
:10C8800009FB02B2926B9B1A002BAADAABF872502A
:10C89000A7E7CBF80C30E3E72C4100202A41002029
:10C8A00038B52C4C2C2303FB0043054693F840304D
:10C8B00013B978460EF00CFBB4F8703013B9784613
:10C8C0000EF006FB2C2202FB0542002382F84030CA
:10C8D000B4F87030013B9BB2A4F87030A3B3B4F845
:10C8E0007230AB4235D1926B1B4B134494F840200D
:10C8F000EAB1A26BD11A0029B8BF13464FF6FF72F6
:10C90000B8BF002294F86C10A1B1616ECB1A002B55
:10C9100010DA0123A4F87230B4F872300D482C22DA
:10C9200002FB0344A16BBDE8384004F0C8BB4FF6DE
:10C93000FF72E7E74FF6FF739A42A4F87220EBD13B
:10C9400078460EF0C5FAE7E70248BDE8384004F043
:10C95000A3BB38BD2C410020008793030128F8B504
:10C9600005460E46174602D978460EF0B1FA05F094
:10C970009FF8134B93F8402012B11A8BAA421DD096
:10C9800093F86C20B2B1B3F84420AA4212D101202E
:10C990002C2404FB00343388A28D9A420AD1E28D04
:10C9A00073889A4206D1FFF77BFF636B00223946FA
:10C9B00028469847BDE8F84005F0BAB80020E7E7F8
:10C9C0002C41002010B5064C74220021204611F0A5
:10C9D00011F8044BA360044B00221A7010BD00BF75
:10C9E0002C41002075C702002A41002073B51F4C5E
:10C9F00005F05EF8B4F870302BB100232046A4F89F
:10CA0000703004F049FB94F840307BB1258B184816
:10CA1000666B00212C2210F0EDFF01A92846FFF7DC
:10CA200049FEF0B9022201992846B04794F86C30CB
:10CA30009BB1B4F844500F48246E00212C2210F012
:10CA4000D9FF01A92846FFF735FE10B178460EF050
:10CA50003FFA022201992846A04705F069F802B082
:10CA600070BD78460EF034FADCE700BF2C410020A0
:10CA70004441002070410020012873B505462DD89F
:10CA8000174C05F015F894F8403013B1238BAB42E6
:10CA900020D094F86C30FBB1B4F84430AB421BD1D9
:10CAA00001263046FFF7FCFE01A92846FFF702FEEB
:10CAB00010B178460EF00CFA2C2303FB0644022238
:10CAC000636B019928469847002405F031F8204609
:10CAD00002B070BD0026E4E70524F6E70524F6E77A
:10CAE0002C4100204A09012301F01F0103FA01F142
:10CAF00050F82230194214BF0120002070474A0923
:10CB0000012301F01F0103FA01F150F822300B4319
:10CB100040F82230704700001F28014602D8024822
:10CB2000FFF7E0BF00207047A0410020A0F12001E6
:10CB300089B2072902D80248FFF7D4BF0020704706
:10CB4000A841002010B50446FFF7E6FF28B92046AB
:10CB5000FFF7ECFF00F0010010BD0120FAE7000034
:10CB60002DE9F0474FF6FF73DFF84080DFF8409083
:10CB70000B8007460D4600241E464FF0AC0A2146A6
:10CB80004046FFF7AFFF40B10AFB04F333F809302A
:10CB9000BB4206D12C80BDE8F0872B88B34208BF8A
:10CBA0002C800134082CEAD10020F4E71045002045
:10CBB000144500202DE9F0474FF6FF73DFF8488059
:10CBC000DFF848900B8007460D4600241E464FF0C4
:10CBD000160A21464046FFF785FF48B10AFB04F3D9
:10CBE00033F80930BB4209D108342C80BDE8F08706
:10CBF0002B88B34204BF04F108032B8001340A2CB4
:10CC0000E7D10020F2E700BF8043002084430020EA
:10CC10002DE9F0474FF6FF73DFF84080DFF84090D2
:10CC20000B8007460D4600241E464FF02A0A214677
:10CC30004046FFF757FF40B10AFB04F333F80930D1
:10CC4000BB4206D12C80BDE8F0872B88B34208BFD9
:10CC50002C800134082CEAD10020F4E72C4200207B
:10CC6000304200200B88082B82B013D18B880A2B0E
:10CC700010D14B88082B0DD10B89082B0AD1CB88FA
:10CC8000202B07D1044A137843F0010313700020CE
:10CC900002B070470B20FBE70C450020082382B050
:10CCA0000B800A224B800B8120238A80CB8002B02C
:10CCB0007047000037B5C0F30F44A4F58054A4B208
:10CCC00001900D4606482146FFF70CFF10B9784643
:10CCD0000EF0FEF8034B33F824302B8003B030BD48
:10CCE000A0410020AC41002038B5044610B9784678
:10CCF0000EF0EEF80A4B002293F8645090B203F164
:10CD000022011DB18C420AD003F143018C4206D0AE
:10CD10000132082A03F1AC03EED14FF6FF7038BDA3
:10CD20001445002013B5084B01901B68DB070C4627
:10CD300002D478460EF0CCF804490422204602B012
:10CD4000BDE8104010F048BEA4410020FC44002083
:10CD500037B5C0F30F44A4F50054A4B201900D46BA
:10CD600009482146FFF7BEFE10B978460EF0B0F82C
:10CD70000649142000FB041110220431284603B098
:10CD8000BDE8304010F028BEA8410020744A0020C1
:10CD900073B5C0F30F44A4F5A044A4B201900D46AE
:10CDA0000B482146FFF79EFE10B978460EF090F82A
:10CDB00016204443074EA11D10223144281D10F0B7
:10CDC0000BFE325B2A8033195B886B8002B070BD2A
:10CDD0008043002084430020F8B5A1F120051424ED
:10CDE0006C430B4F0646201D31461022384410F08C
:10CDF000F3FD3919304605F0DFFC10B178460EF02E
:10CE000067F829460348BDE8F840FFF778BE00BF41
:10CE1000744A0020A841002073B5050C0E46A5F504
:10CE2000005189B2072901900BD80748FFF75AFE35
:10CE300028B9A5F5FF5189B23046FFF7CDFF002094
:10CE400000E0052002B070BDA8410020F7B5C0F396
:10CE50000F440E46A4F5405401900021A5B22422AF
:10CE6000304610F0C7FD29461248FFF73BFE10B9C7
:10CE700078460EF02DF8AC240F4F6C433D193B5B08
:10CE8000338095F86430B370A11C10223944F01C33
:10CE900010F0A2FD95F8643053B104F11201102294
:10CEA000394406F1130003B0BDE8F04010F094BD22
:10CEB00003B0F0BD104500201445002073B5C0F349
:10CEC0000F440D46A4F5804401900021A6B226220D
:10CED000284610F08FFD31461248FFF703FE10B9C7
:10CEE00078460DF0F5FF2A2474430F4EA11D102241
:10CEF0003144681D10F070FD325B2A8033195A8866
:10CF00006A809B7D2B7153B104F1190110223144C9
:10CF100005F1150002B0BDE8704010F05DBD02B033
:10CF200070BD00BF2C420020304200202DE9F041AE
:10CF30001E4CAC255543164605F16803621923447F
:10CF40000F469367804610B9194B01221A7005F1FC
:10CF500022012144384605F0F6FB10B178460DF069
:10CF6000B7FF05F17C012144384605F0FDFB10B107
:10CF700078460DF0ADFFA81C39461022204410F071
:10CF80002BFD05F1120010220021204410F032FD8B
:10CF9000AC237343E21824F80380002382F8643042
:10CFA00031460448BDE8F041FFF7A9BD1445002013
:10CFB000FA4400201045002037B5C0F30F4404F5B3
:10CFC0004054A4B20D460190224631F8030BFFF7FE
:10CFD000ADFF0748AB78AC2202FB0404054A84F895
:10CFE00064301378002043F00403137003B030BDA5
:10CFF000144500200C4500202DE9F8432A255D4307
:10D00000144C91460746A81D10220E46204449465E
:10D01000984610F0E1FC05F119000021102220448F
:10D0200010F0E8FC691D2144484605F083FB10B16F
:10D0300078460DF04DFF2A2202FB08F2A3180021CA
:10D04000197199755E80A75241460348BDE8F843BF
:10D05000FFF755BD304200202C420020F7B5C0F349
:10D060000F44A4F58044A4B2072C01900D462DD89E
:10D0700021461748FFF736FD10B1002003B0F0BD80
:10D08000144F698828882A2623466A1D6643FFF7BD
:10D09000B3FF2B79BA199375002BEED0153506F135
:10D0A000190029461022384410F096FC06F11801A8
:10D0B0003944284605F03EFB10B178460DF008FFD4
:10D0C0002A2000FB04742379E375D6E70520D5E711
:10D0D0002C420020304200202DE9F3410190000C49
:10D0E00000F50054A4B2072C0E4632D900F580504A
:10D0F00084B2072C2FD80125194A137843F0040372
:10D100001370308871882346321DFFF775FF2A2778
:10D1100014486743C31980469D75F5B1143607F16D
:10D12000190031461022404410F056FC07F1180156
:10D130004144304605F0FEFA10B178460DF0C8FEC5
:10D140002A2000FB048400202379E37502B0BDE8A7
:10D15000F0810025D0E70520F8E72846F6E700BF74
:10D160000C4500203042002073B5064610460C46A0
:10D170001546FFF7B7FC10B978460DF0A9FE01235C
:10D180002644ADF80430ADF80660019806F078FC4E
:10D1900010B178460DF09CFE6209012304F01F04D3
:10D1A00003FA04F455F8223023EA040345F8223048
:10D1B00002B070BD2DE9F0474FF6FF73DFF84C80E9
:10D1C000DFF84C900B8007460D4600244FF0140A00
:10D1D00021464046FFF786FC064650B92A884FF69E
:10D1E000FF739A4200D12C800134082CF0D1002624
:10D1F00008E0102239460AFB049010F0DFFB0028FB
:10D20000F2D12C803046BDE8F08700BFA841002055
:10D21000784A002008B528B978460DF059FE4FF637
:10D22000FF700BE0064B9842F9D303F2B4429042F0
:10D23000F5D8C01AAC23B0FBF3F080B208BD00BF34
:10D240008845002010B5044610B978460DF040FE20
:10D250000F4B00209C4203D003F11302944201D1F2
:10D2600080B210BD0130082803F12A03F2D1094829
:10D27000844209D300F1C6039C4205D8201A162423
:10D28000B0FBF4F00830EBE74FF6FF70E9E700BFC2
:10D29000344200208843002073B50D4D019028686A
:10D2A00010F001040E460DD1088803F095FB01280B
:10D2B0000BD104223146074810F08EFB2B6843F057
:10D2C00001032B60002002B070BD0B20FBE700BF04
:10D2D000A4410020FC440020F7B5C0F30F44A4F59E
:10D2E0004054A4B2072C01900E4629D82146154877
:10D2F000FFF7F8FB10B1002003B0F0BD3146224625
:10D3000031F8030B104FFFF711FEAC214C43B378FB
:10D310003A1982F86430002BEDD0133604F1120074
:10D32000314610223844433410F056FB3919304648
:10D3300005F009FA0028DED078460DF0C9FDDAE7DD
:10D340000520D9E7104500201445002037B50023FB
:10D35000054610460C46ADF80030FFF7C3FB10B988
:10D3600078460DF0B5FD01232C44ADF80430ADF83E
:10D3700006406946019806F025FB10B178460DF08D
:10D38000A7FD03B030BD00002DE9F84F81461546DA
:10D39000884600294BD003F01FFB0228074648D0DF
:10D3A00000F0FD03012B44D14FF6FF74DFF890B07D
:10D3B000224B0026A24654450BD118463146FFF7B2
:10D3C00091FB1E4B28B9B4B20136202EF3D10022B6
:10D3D00005E03BF826204A45F6D1B4B201220DB94A
:10D3E000032F26D19AB94FF6FF739C4223D0144BDA
:10D3F000124823F8249003EB840321465A80FFF758
:10D400007EFB0E4A21464FF48050FFF79FFF0C4BE6
:10D41000A8F80040A4001C442DB9E3780133E37060
:10D420000020BDE8F88FA3780133A370F8E70E2041
:10D43000F7E71020F5E70420F3E700BFA041002044
:10D44000AC4100202DE9F3414FF6FF770E4614461C
:10D45000ADF80670804650B349B30DF10601FFF7F1
:10D46000A9FEBDF8063003F12005ADB260B9BB429C
:10D470001FD029464046FFF7AFFC0F4ABDF8061003
:10D480004FF40050FFF762FFBDF806300B4A3580BD
:10D49000142101FB032334B9DA780132DA70002059
:10D4A00002B0BDE8F0819A7801329A70F7E70E2059
:10D4B000F6E70420F4E700BFA8410020744A0020EA
:10D4C00038B50446FFF728FB054680B1154B03EB42
:10D4D0008402907808BBD57805BB23F82450124A03
:10D4E00021464FF48050FFF73FFE284616E02046C5
:10D4F000FFF71CFB98B1A4F1200189B20B4A142359
:10D500004B43D418A0780028EFD1E47834B9D45232
:10D510004FF40050064AFFF727FE002038BD0520D3
:10D52000FCE700BFAC410020A0410020744A00206D
:10D53000A841002041090B4A00F01F004FF0FF33C3
:10D54000834052F82100034009D05A421A40064B4A
:10D550005343DB0E054AD05C00EB411070470820B6
:10D56000704700BF1045002031B57C07FAE9030081
:10D5700073B5C0F30F44A4F58054A4B21F2C0190DE
:10D580000E4611D821460A48FFF7ACFA50B9094BAC
:10D59000328823F8242003EB840321465880044872
:10D5A000FFF7ADFA002000E0052002B070BD00BF1B
:10D5B000A0410020AC4100202DE9F347040C0F46A8
:10D5C000A4F5A04189B20929019025D81448FFF794
:10D5D00089FAF8B9A4F59F41783989B2A1F1080414
:10D5E0001626DFF840A0B7F80080B7F8029066432F
:10D5F000B01D1022391D504410F0EEF90AEB06035D
:10D6000001229A80A3F80290214605482AF8068054
:10D61000FFF775FA002000E0052002B0BDE8F087B2
:10D6200080430020844300200388012B12D14388CB
:10D63000A3F54052072A04D814290BD1A3F5C043FF
:10D6400007E0A3F58042072A04D82429F4D1A3F5E2
:10D65000A0434380704700007FB52C4A137813F035
:10D66000020450D1D90712D4294A1068516812898E
:10D6700001AB03C301A94FF001101A8006F0A2F913
:10D6800010B178460DF024FC002004B070BD13F0FA
:10D690000400FAD064F3820313701E4D1E4B0193F5
:10D6A00021462846FFF71EFA68B1A6B206F5405398
:10D6B000ADF80630019806F0E3F92A4631464FF4FA
:10D6C0004050FFF743FE0134082CE9D14FF480436A
:10D6D000124DADF80630002421462846FFF702FA25
:10D6E00068B1A6B206F58043ADF80630019806F0A1
:10D6F000C7F92A4631464FF48040FFF727FE013430
:10D70000082CE9D1C0E70B20BFE700BF0C45002083
:10D71000C8E9030010450020010000302C42002021
:10D7200010B500231F4A19460133202BD170917088
:10D7300002F10402F8D100231B4A1C460133082BD6
:10D74000D470947002F11402F8D104220021174819
:10D7500010F050F904220021154810F04BF9042272
:10D760000021144810F046F904220021124810F05C
:10D7700041F904220021114810F03CF90422002153
:10D780000F4810F037F90F4B0F4A1C805C800F4B8D
:10D790001C70137823F0030313700120BDE81040C0
:10D7A00006F098B9AC410020744A0020A441002042
:10D7B000A0410020A8410020104500202C4200205C
:10D7C00080430020FC4400200C450020FA44002047
:10D7D000054808B5054B036003F04CFA044A13787A
:10D7E00023F00303137008BD00450020DDDE0200B6
:10D7F0000C45002070B5054610B978460DF068FB61
:10D80000144E306810F0010421D16B880BB90B2045
:10D8100070BD288803F0E0F80128F8D128886B88CB
:10D820001844013880B203F0D7F80128EFD13368EB
:10D83000094843F0010304222946336010F0CCF874
:10D84000022032462146FFF781FD2046E0E70F2007
:10D85000DEE700BFA4410020FC44002010B50446D0
:10D8600010B978460DF034FB204604220249BDE889
:10D87000104010F0B1B800BFFC4400200122FFF7B7
:10D8800083BD000010B50446FFF75CF978B11F2C8A
:10D8900089BF084B084B203C14228CBF02FB043488
:10D8A00003EB84040020A3780133A37010BD05208E
:10D8B000FCE700BF744A0020AC4100200122FFF7C2
:10D8C000C1BD000010B50446FFF726F950B10C4B5E
:10D8D00003EB84039A78013A9A702046BDE8104021
:10D8E000FFF7EEBD2046FFF721F930B1054AA4F15C
:10D8F0002003142101FB0323ECE7052010BD00BF2A
:10D90000AC410020744A00200022FFF73DBD0022F8
:10D91000FFF798BD10B50446FFF714F978B11F2C36
:10D9200089BF084B084B203C14228CBF02FB0434F7
:10D9300003EB84040020E3780133E37010BD05207D
:10D94000FCE700BF744A0020AC41002070B50646D9
:10D950000D46F1B1FFF7E0F8044648B10F4B33F83C
:10D960002600688003F038F828700020686070BDD9
:10D970003046FFF7DBF870B1203E1420084B7043AF
:10D980001A5A6A8004301844022368602B702046BB
:10D99000EDE70E20EBE70520E9E700BFAC410020F2
:10D9A000744A002013B50446FFF7CCF808B3694663
:10D9B0002046FFF7CBFFC0B99DF80030032B0BD1F9
:10D9C0000D4B03EB8403DA789AB1013ADA70204602
:10D9D000FFF776FD02B010BD022B08D1074AA4F173
:10D9E0002003142101FB0323EDE70020F2E70F20C1
:10D9F000F0E70520EEE700BFAC410020744A0020AC
:10DA00002DE9F0410E46074658B351B30025DFF823
:10DA100058802C4629464046FFF764F840B13368E9
:10DA2000A34202D10920BDE8F08127F81450013447
:10DA30000135202DEED1DFF83480002529464046FF
:10DA4000FFF750F838B13368A342EBD005F120035B
:10DA500027F8143001340135082DEFD1346000204F
:10DA6000E1E70E20DFE700BFA0410020A841002031
:10DA70002DE9F7430D46044600283CD000293AD052
:10DA8000408802F0A9FF022824D0032801D00128F1
:10DA900033D14FF6FF73DFF86880DFF8689067884E
:10DAA0002B8000241E4621464046FFF71BF840B15C
:10DAB00039F82430BB4208D12C80002003B0BDE8E7
:10DAC000F0832B88B34208BF2C800134202CEAD18C
:10DAD0000520F3E760684FF6FF73ADF8063050B1EC
:10DAE0000DF10601FFF766FB0028F1D0BDF8063006
:10DAF00020332B80E1E70E20E0E71020DEE700BFB7
:10DB0000A0410020AC41002007B50DF10601FFF750
:10DB100027F820B1BDF8060003B05DF804FB4FF60E
:10DB2000FF70F9E708B1FFF7DFB84FF6FF707047F5
:10DB300007B50DF10601FFF76BF820B1BDF806003F
:10DB400003B05DF804FB4FF6FF70F9E708B1FFF78B
:10DB500079BB4FF6FF70704738B504460D4669B182
:10DB600007280DD801460748FEF7BCFF40B12A2020
:10DB70006043054B1B5A2B80002038BD0E20FCE76C
:10DB80000520FAE72C42002030420020112870B511
:10DB900004460E4645D8002941D0072821D8014621
:10DBA0002148FEF79FFF00283BD0204D2A2303FB8E
:10DBB00004535B88072B02D978460DF089F92A2394
:10DBC00003FB04531A485988FEF78CFF10B97846B6
:10DBD0000DF07EF92A2303FB045400206388338070
:10DBE00070BDA0F1080421461248FEF77BFFC0B1CA
:10DBF000114D162303FB04535B88072B02D978468B
:10DC00000DF066F9162303FB045309485988FEF703
:10DC100069FF10B978460DF05BF91623DBE70E209B
:10DC2000DEE70520DCE700BF2C4200203042002068
:10DC3000104500208043002084430020F8B50646AC
:10DC400015460F4681B37AB3B0F5805F2ED21146E8
:10DC5000FEF786FF2A88044668B11648AC2303FB0A
:10DC600002003946102202300FF0A8FE00280CBF37
:10DC700003200F20F8BD4FF6FF739A4218D03946A3
:10DC80003046FFF753F90C4A29884FF44050FFF70C
:10DC90005DFB2988074BAC2202FB013130468C31F9
:10DCA00002F0F1FF2046E5E70E20E3E70720E1E779
:10DCB0000420DFE71445002010450020072838B570
:10DCC00004460D460DD801460748FEF70BFF40B14C
:10DCD000064BAC2202FB0434002094F864302B7015
:10DCE00038BD0520FCE700BF10450020144500208A
:10DCF0002DE9F0410646884600294ED007284ED827
:10DD000001462848FEF7EEFE002848D0264BAC24FA
:10DD100074431A191D4692F8642072B1012A02D088
:10DD20000820BDE8F08104F1120010224146184499
:10DD30000FF044FE0028F4D0F2E704F112071F446C
:10DD40004146102238460FF047FE04F143012944B2
:10DD5000404604F0F8FC10B178460DF0B9F804F133
:10DD600094012944384604F0FFFC10B178460DF0C8
:10DD7000AFF8AC237343E918012281F8642004F161
:10DD8000A401E85A29440DF0A5FC4FF44050054A7F
:10DD90003146FFF7DBFA0020C3E70E20C1E705207C
:10DDA000BFE700BF1045002014450020072810B52C
:10DDB00004461DD801461048FEF794FEC0B10F4836
:10DDC000AC236343C11891F86420012A12D10222C6
:10DDD00081F8642003F1A4010144C05A0DF07AFCDB
:10DDE0004FF44050044A2146FFF7B0FA002010BD1E
:10DDF0000520FCE70820FAE7104500201445002024
:10DE000007282DE9F04107465CD801462F48FEF768
:10DE100069FE002856D02E4EAC247C4306EB040845
:10DE200098F86430002B4FD004F11201A01C31444B
:10DE3000102230440FF0D0FD04F1430104F1220020
:10DE40003144212230440FF0C7FD04F1940104F164
:10DE50007C003144182230440FF0BEFD002504F14F
:10DE60008C0188F86450305B2A4631440DF032FC56
:10DE70002C46184E184DA04621462846FEF732FE85
:10DE800090B17388BB420FD1B37D6BB1122206F102
:10DE90001701301D0FF0A0FD86F816802A46A1B2AA
:10DEA0004FF48040FFF752FA0134082C06F12A069D
:10DEB000E2D14FF44050054A3946FFF747FA0020B7
:10DEC000BDE8F0810520FBE70820F9E710450020B8
:10DED00014450020304200202C42002070B5037809
:10DEE000042B02D0142B20D070BDD0E90146457E12
:10DEF0002046FFF78FF94FF6FF729042F4D020349E
:10DF0000A642F1D10D4AAC2101FB002393F8643005
:10DF10002DB1012BE8D1BDE87040FFF747BF002BC2
:10DF2000E2D0BDE87040FFF76BBFC388012B01BF93
:10DF3000034A137843F002031370D5E71445002019
:10DF40000C4500202DE9F0470D46064600B3F9B117
:10DF50000024DFF84480DFF844900F680C604FF035
:10DF6000AC0A21464046FEF7BDFD58B12B689F42E2
:10DF700010D00AFB04F232F8092026F813202B688F
:10DF800001332B600134082CEBD10020BDE8F08771
:10DF90000E20FBE70920F9E710450020144500207A
:10DFA0002DE9F74F81460F4698469346002A40D008
:10DFB000002B3ED002F010FD012882463BD1072FF6
:10DFC0003BD839462048FEF78DFDB0B30DF1060170
:10DFD0004846FEF7EFFD044688BBBDF806504FF6F5
:10DFE000FF739D422DD0083D1626184B6E43B01D81
:10DFF0001022594618440FF0EFFC144B14489A199C
:10E000002946A2F804A0578023F80690FEF777FD72
:10E01000BDF806100E4A08394FF4A04089B2FFF748
:10E0200095F9BDF80630A8F80030204603B0BDE8E9
:10E03000F08F0E20FAE71020F8E70520F6E70F2012
:10E04000F4E70420F2E700BF1045002084430020DD
:10E0500080430020083838B585B2092D11D82946EB
:10E060000948FEF73FFD60B116236B43074A0024C1
:10E07000D4524FF4A040044A2946FFF775F82046D1
:10E0800038BD0520FCE700BF80430020844300200A
:10E090002DE9F041064688461D46174682B37BB3FC
:10E0A00007292FD81A48FEF71DFD58B3B6F5805F33
:10E0B0002AD229463046FEF7ABFD2B88044670B1C4
:10E0C00014482A2202FB03003946102206300FF0C2
:10E0D00075FC00280CBF03200F20BDE8F0814FF62F
:10E0E000FF72934212D03A4641463046FEF784FF13
:10E0F0004FF48040084A2988FFF728F92046ECE7CA
:10E100000E20EAE70520E8E70720E6E70420E4E739
:10E1100010450020304200202C420020F8B5054672
:10E120000E4600293FD007283FD801462048FEF779
:10E13000D9FC002839D01F481F492A246C430319F1
:10E14000AC275A8807FB0212074692F86420012A7E
:10E1500001D00820F8BD04F119010844997D31B1BE
:10E16000102231460FF02AFC0028F3D0F1E79A750F
:10E17000314610220FF030FC04F1180139443046CA
:10E1800004F0D8FA10B178460CF0A2FE2A2303FB63
:10E1900005734FF480401A79DA752946044AFFF76F
:10E1A000D5F80020D6E70E20D4E70520D2E700BF3F
:10E1B0002C4200203042002014450020072810B5D2
:10E1C00004460CD801460748FEF78CFC38B14FF4E2
:10E1D0008040044A2146FEF7C7FF002010BD0520FD
:10E1E000FCE700BF2C4200200728F8B504463BD8C6
:10E1F00001461F48FEF776FC002835D00020FFF7C7
:10E2000099F90025082827D1012D2FD0194E1A4F32
:10E21000002529463846FEF765FC48B17388A342BD
:10E2200006D1A8B2FFF7CAFF10B178460CF050FE35
:10E230000135082D06F12A06EBD1AC2363430F4AC2
:10E24000D35A0BB90E4A13704FF44050084A214676
:10E25000FEF78AFF0020F8BD0130072805F101050F
:10E26000D2D8FFF767F9CDE70520F4E70F20F2E7F2
:10E2700010450020304200202C4200201445002090
:10E28000FA4400202DE9F047804615460F4639B381
:10E2900032B3072826D801461448FEF723FC08B3FA
:10E2A0000024134EDFF84CA0D5F800902C602146D6
:10E2B0005046FEF717FC58B17388434508D12B68C8
:10E2C000994511D0328827F813202B6801332B6031
:10E2D0000134082C06F12A06E9D10020BDE8F087B8
:10E2E0000E20FBE70520F9E70920F7E7104500209D
:10E2F000304200202C42002070B506460C461546E0
:10E3000092B1112912D8072914D908392A4812E0E4
:10E310002A2101FB040404346C603EE0274B083CD6
:10E32000162101FB0434F6E70E2043E0052041E00E
:10E3300008203FE02248FEF7D5FB0028F6D04FF634
:10E34000FF739E420DD1072C95BF1E4A1B4A2A23FC
:10E35000A4F108038ABF162103FB042301FB032356
:10E360005E88072EE4D831461748FEF7BBFB00282D
:10E37000DED0072C154AD1D8AC2303FB0623114865
:10E3800093F86430022BC3D12A236343C118897DDB
:10E390000029BDD0173303446B60AC2303FB06F0A8
:10E3A000131893F86430022B0CBF43302230104412
:10E3B0002860002070BD00BF8043002084430020FF
:10E3C0002C4200203042002010450020144500203F
:10E3D00038B50D46FFF798FB044675B107280ED8EF
:10E3E00001460848FEF77EFB48B1074BAC2202FB12
:10E3F000043422342C60002038BD0E20FCE70520B8
:10E40000FAE700BF10450020144500202DE9F8432D
:10E41000064690460F4611B978460CF059FDB8F102
:10E42000000F02D178460CF053FD386806F07F06E5
:10E4300030BB002400233B60C8F800301C4BDFF8E1
:10E440007490AC2505FB0435A3B2072B16D82146E2
:10E450004846FEF747FB38B395F8641095F822203C
:10E4600005F12203E1B1964205F1430195F843001D
:10E470000FD1864216D13B60C8F80010BDE8F88382
:10E48000FEF732FC4FF6FF739842D2D0441CA4B280
:10E49000D0E7864208D139600023C8F80030EDE7A4
:10E4A000964201D13B60F7E70134AC35CCE700BFC1
:10E4B00014450020104500202DE9F84F04468946F8
:10E4C0001F46904612B978460CF002FD17B97846FF
:10E4D0000CF0FEFC14B978460CF0FAFC2046FFF76D
:10E4E00021FB4FF6FF739842824604D10023C8F8FF
:10E4F00000303B6033E0D8F8000090B3FEF7A2FE96
:10E50000441C274E274B284A2A254FF0AC0B05FB0D
:10E5100004650BFB0A3B072CE8D810462146FEF7A2
:10E52000E1FA214AC0B36B88534535D19BF864109A
:10E530006B7929B3A97D19B389EA030111F03F0F63
:10E54000297E10D189EA010080060CD12A2044439B
:10E55000231D173433443444C8F800303C60BDE810
:10E56000F88F0446CDE789EA010111F03F0107D198
:10E570002A2000FB04641734C8F800403960EEE735
:10E5800089EA030313F03F0306D12A2000FB046449
:10E590000434C8F80040ACE701342A35BBE700BFBB
:10E5A00030420020144500202C42002070B5044663
:10E5B0000D4611B978460CF08BFC4CB1084900238C
:10E5C000162000FB03F2565AA64203D1141D0C4438
:10E5D0002C6070BD01330A2BF3D10024F8E700BF93
:10E5E000844300202DE9F04707469146884611B93B
:10E5F00078460CF06DFCB9F1000F02D178460CF0B2
:10E6000067FCD8F8000000284DD0FEF703FE441C3C
:10E61000264EDFF8A0A0AC2505FB04653DE02146B1
:10E620005046FEF75FFAB0B395F8643053B957B16E
:10E63000082205F18C0138460FF0C0F9B0FA80F0DD
:10E64000400901E0CFB9012028B3194B1B7803B36F
:10E65000AC236343F35AB3FA83F35B09AC2044431E
:10E6600032197434264482F87430C8F8006092F885
:10E67000643089F80030BDE8F087082205F18C018C
:10E6800038460FF09BF90028DDD0082205F1A401DF
:10E69000D1E70123E2E70134AC35072CBFD90023D1
:10E6A000C8F80030E7E70446B2E700BF1445002091
:10E6B000FA440020104500202DE9F74306460C4699
:10E6C00002F08AF9022853D0032816D001287DD100
:10E6D000434B1B6813F0010378D0424B1A889642D3
:10E6E00074D35B8813449E424FF000036EDA668059
:10E6F0002070636003B0BDE8F08300236360A6F57B
:10E700007F43FC3B66802070032B0ED8DFE803F0CC
:10E710005E5E022E01A9012005F0DFFC10B17846F3
:10E720000CF0D6FB9DF80400E4E74FF6FF772E4D82
:10E73000DFF8BC900024B846474511D12146484631
:10E74000FEF7D0F960B9A7B20134202C05F1040519
:10E75000F2D104F06FFE4088831B58425841C9E74C
:10E760002B88B342F0D1EB78002BEDD00120C1E72C
:10E770006068E8B94FF6FF73ADF80430BDF8045097
:10E78000DFF87080194F072D4FF6FF7394BF0135E6
:10E790000025ADF804304FF01409082D16D0294695
:10E7A0004046FEF79FF948B9ADF804500135F4E74B
:10E7B00001A9FEF7FFFC0028DCD0DFE709FB05F329
:10E7C000DA5BB242F2D1FA18D2780AB9002091E7A6
:10E7D000043302221F446680227067608AE700BF0C
:10E7E000A4410020FC440020AC410020744A0020D9
:10E7F000A0410020A841002038B50C46054600B1D4
:10E8000011B978460CF064FB024B1A882A805B88A9
:10E81000238038BDFC44002007B50378022B0AD0C2
:10E82000032B01D0012B17D169464088FFF744FF25
:10E8300003B05DF804FB69464068FEF7BBFC0028A6
:10E84000F6D0BDF80030054A142101FB0323D87827
:10E85000003018BF0120EBE70020E9E7744A0020F0
:10E8600007B501A8FEF7FAFFBDF80400003018BF95
:10E87000012003B05DF804FB70B5002000F0A6F89D
:10E88000012000F083F80F4D0F4EAE4200D170BD55
:10E890006B6823B16B78083BDBB2F62B02D8784665
:10E8A0000CF016FB287848B90446E0B2013400F0B9
:10E8B0007DF8B4F5807FF8D10835E6E700F076F80A
:10E8C000FAE700BF0CF403002CF403002DE9F04735
:10E8D000DFF8509006461F460C4601EB02084445FF
:10E8E00001D22378C3B9BDE8F0876B78B34201D079
:10E8F000FF2B0AD12B7862789A4200D02BB921786D
:10E900006B683A460139504698470835A945ECD11D
:10E91000227801321444E2E7014D04F1020AF5E7DE
:10E920000CF403002CF40300F0B5174A447D137C6B
:10E93000063CE4B200214FF0010C8C4203DCB3FA38
:10E9400083F0400917E04618B57F767F6F0902EB28
:10E95000870705F01F057F690CFA05F53D4210D0C9
:10E96000611AB14204DC536B013353630120F0BDE3
:10E97000181C18BF01200028F9D0936B0133936352
:10E98000F5E701363144D8E7144B002030B1054893
:10E99000054B43600023037000F034BE014800F0D3
:10E9A0004FBE00BF144B002029E902004109064A6E
:10E9B000012300F01F0003FA00F052F82130034356
:10E9C00042F82130704700BF284B0020012810B5C5
:10E9D000044602D978460CF07BFA014B1C7410BD3A
:10E9E000144B002010B5044610B978460CF070FAAC
:10E9F000E36F13B978460CF06BFAE36FD4E9251294
:10EA00002046BDE81040184710B5037813F0FE0308
:10EA1000044605D0022B04D1A37963F03F03A37110
:10EA200010BD78460CF054FA237803F0FE03022B55
:10EA3000F6D1F1E710B550F8202C1379013BDBB289
:10EA4000FD2B04460BD9836D4BB11368C0E91C3113
:10EA50005C3003F0F5F810B178460CF039FA54F850
:10EA6000201C0B7943B944F8203C04F138000439E8
:10EA7000BDE8104001F00ABC10BD000038B547F2F7
:10EA80002F53994205460C4602D878460CF020FADE
:10EA90000A4802F033FCA4F59C412039B0FBF1F4A4
:10EAA00004FB110402F030FB00F59C4120312144AD
:10EAB0002846BDE8384002F002BB00BF504B0020A2
:10EAC000F7B500230B650B780C46002B4AD091F864
:10EAD0004030002B33D1CB6F002B2AD104F15C05E1
:10EAE00000266368002B3FD01B79FF2B04D12846FA
:10EAF00001F0B1FB002837D163681B79002B33D0BC
:10EB000094F87830002B5FD165682B7913B978467B
:10EB10000CF0DEF92B79FF2B1CBF03F1FF332B71B7
:10EB200004F1080000F03AFD48B178460CF0D0F945
:10EB300005E001F1800003F0A5F80028CED094F89C
:10EB40004430256F022B02D078460CF0C1F92048E2
:10EB500002F0D4FB42F21073B0FBF3F202FB13009D
:10EB60002844206503B0F0BD616821B1043928460E
:10EB700001F08CFB666001A9284601F025FB002806
:10EB8000F0D1019B1A1D0C3362606362A9E738461D
:10EB900002F0B4FB94F87730B0FBF3F202FB130001
:10EBA000C3B2AB4209D02544204495F8743090F8A4
:10EBB000742085F8742080F87430013694F877302A
:10EBC000F5B2AB42E3D89FE70026014FF6E700BF5E
:10EBD000504B0020014802F0C5BB00BF504B002045
:10EBE00010B50378044693B90123037043684BB111
:10EBF000216F01F51C5104F144001031BDE81040B3
:10EC0000FFF73CBF5C3001F00CFB0028F0D110BDD9
:10EC1000002300F8443B02F03FBA2DE9F3410D46D2
:10EC2000064610B978460CF053F91F2D02D97846E4
:10EC30000CF04EF905F1110292B201A906F15C0047
:10EC400001F040FA8046E0B9019C237B022262F386
:10EC5000030306352373657396F86830227B5B08DF
:10EC600063F38612227306F16901062204F10F0094
:10EC70000EF0B2FE271DC4F80480384602B0BDE88D
:10EC8000F081042802D078460CF022F90027F4E73E
:10EC900038B505460C4601B110B978460CF018F9A4
:10ECA000237913B978460CF013F9237A03F04F0354
:10ECB000237221460023A37231F8042D05F15C0074
:10ECC00001F051FA2B7863B195F844304BB9296FB4
:10ECD00001F51C5105F144001031BDE83840FFF743
:10ECE000CDBE38BD38B504460D4601B110B97846E1
:10ECF0000CF0EEF8291F04F15C00BDE8384001F08B
:10ED0000C5BA70B50C46054600B111B978460CF08D
:10ED1000DFF8E37813B978460CF0DAF8E378032BE0
:10ED200002D978460CF0D4F80026E378B3420FD825
:10ED3000EFF3108672B60522214605F174000EF03D
:10ED40004BFE95F8773085F83C3006B962B670BD59
:10ED5000A35D272B02D978460CF0BAF80136E4E718
:10ED600070B50D46044600B111B978460CF0B0F804
:10ED70002B7813F0FC0F02D078460CF0A9F8EFF3D3
:10ED8000108672B668340722294620460EF024FE0B
:10ED90002046FFF739FE06B962B670BD38B50D469C
:10EDA000044610B978460CF093F8132D03D8784632
:10EDB0000CF08EF802E0B5F5205FF8D84FF47A71C8
:10EDC00094F844306943216753B1237843B101F586
:10EDD0001C5104F144001031BDE83840FFF74EBE2D
:10EDE00038BD38B50D46044610B978460CF070F8B9
:10EDF00084F8285038BD10B504465C3001F03AF96B
:10EE0000EFF3108272B663680BB10021197102B979
:10EE100062B610BD10B54FF080530446D3F8A02061
:10EE20000378084902F0010262F347036FF300031D
:10EE300000F8013B06220EF0CFFD2046BDE8104051
:10EE4000FFF7E2BDA4000010F8B50D4616461F46B8
:10EE5000044600B112B978460CF03AF80A2F02D8ED
:10EE600078460CF035F8BAB2314604F15C0001F096
:10EE7000ADF804F16800FFF7CDFF144BE56744F6E9
:10EE80002062C4E91C23124A2263252262850322E0
:10EE900084F82C2084F83C200E4A6263002304F19D
:10EEA00074010D4A84F8783084F82830A1636362D5
:10EEB000E264646523703DB1224604F18000074995
:10EEC000BDE8F84002F0A4BEF8BD00BF2526270328
:10EED000D6BE898E35EA0200C1EA0200E5E90200E9
:10EEE000034A136813B1002111601847704700BF2F
:10EEF000744B002008B5084801F00BFF48B9074BD8
:10EF0000186818B1064B187880F0010000F0010075
:10EF100008BD0120FAE700BF644B0020784B0020B9
:10EF2000604B00201C4B10B501214FF0FF321B4CF1
:10EF300059604FF48060D960C3F808230022C3F8F9
:10EF40000022C4F880010424C3F84021C3F840150E
:10EF5000C3F81045C3F80425114CC3F80825114A1D
:10EF6000C2F86045A4F50354383CC2F86445C2F8C1
:10EF700004051960D3F840110029FBD00021C3F823
:10EF800040114FF48061C2F80815074AD2F84805CD
:10EF9000D3F84035C01A10BD00A0004000E100E0E9
:10EFA00040A1004000F0014000800040F8B502F0B0
:10EFB00099FB00286ED1384801F0ABFE054680B1C0
:10EFC000046802F0A9FB064602F0A0FB002C40D02A
:10EFD000E3686433984206D20120BDE8F84002F0AD
:10EFE000E1BB0446EDE79E4233D92C4E33781BB18A
:10EFF00000F018FD00233370274801F075FE8542AC
:10F0000002D078460BF064FF00250120656102F014
:10F01000DBFB234B234F1C60234B244E4FF0FF326E
:10F02000C3F80823224B0222C3F88021FFF77AFF9E
:10F03000E368204A216935700344136001233B7063
:10F040002368984733783D7023B3BDE8F84000F05B
:10F0500035B8B6F5FA7F1DD900F0BEFD98B10F4B5B
:10F060001A78BAB9104A4FF0FF31C2F80813104AA3
:10F070000221C2F8801101221A70FFF753FFBDE888
:10F08000F84000F0BBBC0C4B1B781BB9BDE8F84046
:10F0900002F07ABBF8BD00BF644B0020724B002029
:10F0A000784B0020704B002000100040604B002087
:10F0B00000E100E06C4B0020714B002008B502F02D
:10F0C000CFFB0C4B1B68C01A002802DB78460BF004
:10F0D000FFFE002002F078FB074B00221A60074B6E
:10F0E0001B781BB1BDE8084002F04EBBBDE80840EC
:10F0F000FFF75CBF6C4B0020784B0020734B002067
:10F1000038B5114C2268A2B1936813B978460BF058
:10F11000DFFE0E4D01232B7023689A681869904713
:10F1200000232B700A4B1B786BB1BDE83840FFF70A
:10F13000C5BF084B1B7813B978460BF0C9FEBDE874
:10F14000384000F01BBD38BD784B0020704B0020CC
:10F15000604B0020724B002008B5094801F0A0FD6B
:10F16000084A00231360084A1370084A01211170ED
:10F17000074A1370074A1370074A82F80A3308BD1A
:10F18000644B0020784B0020724B0020734B002012
:10F19000704B0020604B002000E100E038B50F4BC1
:10F1A0001A7802F0FF04B2B90D4A106001221A70F9
:10F1B00002F0C4FA054618B102F0D4FA204606E07F
:10F1C00002F0C8FA044618B102F0DEFA284638BD4B
:10F1D000FFF786FEF2E70820F9E700BF734B002037
:10F1E000744B002008B5094B1B786BB900F0F4FC98
:10F1F00030B102F053FA38B1BDE8084002F0B2BABB
:10F20000FFF778FE0028F4D108BD00BF734B002043
:10F2100010B5054B1A782AB100241C70FFF7E2FFE5
:10F22000204610BD0820FCE7734B002010B50446B3
:10F2300010B978460BF04CFE236813B978460BF0F2
:10F2400047FEE36813B978460BF042FEE2680E4BC6
:10F250009A4202D978460BF03BFE6369A34211D073
:10F260000A48646104F1140101F024FD084B1B7885
:10F2700003F0FF0023B9074B1C6824B9FFF7B2FF66
:10F28000002000E0082010BD60850100644B0020D4
:10F29000734B0020784B002010B50E4B1B6813B940
:10F2A00078460BF015FE02F04FFA10B978460BF0D5
:10F2B0000FFE094C227812B178460BF009FE074B7D
:10F2C0001B7813B10123237010BDBDE81040FFF778
:10F2D000F5BE00BF784B0020604B0020704B002033
:10F2E00038B502F031FA10B978460BF0F1FD144C44
:10F2F0002268A2B1536813B978460BF0E9FD114DAD
:10F3000001232B7023685A681869904700232B70DB
:10F310000D4B1B7893B1BDE83840FFF7CFBE0B4BC8
:10F320001B7813B978460BF0D3FD00F083FB00F097
:10F3300053FC18B9BDE8384002F026BA38BD00BF0A
:10F34000784B0020704B0020604B0020724B002057
:10F3500008B502F0F9F910B978460BF0B9FD074B82
:10F360001B6853B9064B1B781BB1BDE8084002F07F
:10F370000BBABDE80840FFF719BE08BD784B002066
:10F38000734B002008B502F0DFF910B978460BF096
:10F390009FFD084B1B6813B178460BF099FD064B97
:10F3A0004FF480621A6002221A60BDE80840FFF73D
:10F3B000FDBD00BF784B002000E100E038B502F051
:10F3C000C3F910B978460BF083FD154B1B6813B1D8
:10F3D00078460BF07DFD134C23781BB100F022FB27
:10F3E00000232370104B114D01214FF0FF340022F8
:10F3F0005960D960C3F80843C3F800220C4A4FF49F
:10F400008060C2F88001C5F808430224C2F8804138
:10F410001961C2F88000BFF34F8FBFF36F8F38BD03
:10F42000784B0020724B002000A0004000100040EC
:10F4300000E100E0024B1B780BB1FFF751BD7047B4
:10F44000734B0020F8B5264A264B274FC3F860259A
:10F4500002F50F423C32C3F864254FF480620D463A
:10F46000C3F80425044600F025F905F1200000F05A
:10F4700055F90021A86A00F097F92B6B187800F075
:10F4800039F9012620463E7002F040FA174B184C1D
:10F490001860EB69C4F804350023C4F81031102358
:10F4A000C4F80433134B5E642660D3F84405314638
:10F4B00030440BF0A3FD95F83430B34209D907234B
:10F4C000C4F800323B782A6BD05CBDE8F84000F00D
:10F4D00011B90323C4F80032BDE8F8400BF008BEB0
:10F4E0000411004000F00140804B00207C4B0020C4
:10F4F0000010004000A0004070B5244CD4F810313A
:10F50000054613B978460BF0E3FC214E0023C4F8FE
:10F5100010313378013333700BF0DCFD95F8342073
:10F5200033789A421DD21B4BD3F840651A4B1968A9
:10F530000E4402F095F9EB6A0446314605F11C00D1
:10F54000984702F08DF9001B502802D478460BF042
:10F55000BFFC0BF0F3FDFFF79FFE002385F838306A
:10F5600070BD0DD92A6BD05C00F0C4F8074BD3F8FE
:10F570001031002BF4D07846BDE870400BF0A8BCE9
:10F580000323C4F800320BF0B3FDEFE70010004096
:10F59000804B002000A000407C4B002010B5C36AC7
:10F5A000044613B978460BF093FC94F838300BBB43
:10F5B000114B2360114B6360E36994F824101048E9
:10F5C0005B7894F834200429415C14BF0A330B3370
:10F5D0004B432E3353439833C4E90334012384F857
:10F5E00038302046FFF722FE18B178460BF070FC49
:10F5F000002010BD1120FCE745F40200F9F40200E0
:10F600001AEA030010B5044610B978460BF060FC06
:10F61000636813B978460BF05BFC2378012B02D9A1
:10F6200078460BF055FC2146044B11F80C0BBDE855
:10F63000104003EBC00003F0F5B800BF844B00207E
:10F6400010B5044610B978460BF042FC2378012B24
:10F6500002D978460BF03CFC2146044B11F80C0B08
:10F66000BDE8104003EBC00003F0FDB8844B002060
:10F67000F8B506460F4611B978460BF029FC012E65
:10F6800002D978460BF024FC094C54F8365035B9B1
:10F6900004EBC6004368013343602846F8BD55E9D2
:10F6A0000231384698470028F8D12D68EFE700BFAF
:10F6B000844B00200D4B0022C3F8FC2F0122C3F81D
:10F6C000FC2F40F25B62C3F8382540F20312C3F806
:10F6D0003425074AC3F83C259622C3F84425D3F8BD
:10F6E000502642F00102C3F8502670470010004037
:10F6F00055555500272810B5044602D978460BF019
:10F70000E7FB044B1A5D044BC3F80825C3F85445C6
:10F7100010BD00BF20EA03000010004010B50446F1
:10F7200010B978460BF0D4FB2379052B02D9784623
:10F730000BF0CEFB638813B978460BF0C9FB6388E6
:10F740000233B3F5817F02D978460BF0C1FB154B2C
:10F750002278C3F80C252279C3F81025A27842F04C
:10F76000007242F44032C3F818256288252A8CBF03
:10F7700008220622C2F1080142EA014242F48072E4
:10F78000C3F81425D3F8142542F48012C3F81425C5
:10F790002279042A02BFD3F8142542F08072C3F8FC
:10F7A000142510BD0010004070B5124DD5F8183565
:10F7B000C3F30243032B04460E4602D078460BF0F7
:10F7C00087FB36B1012E0BD07846BDE870400BF0B8
:10F7D0007FBB230E2402C5F82435C5F81C4570BD37
:10F7E000230C044A03F47F432402C2F82435C2F8F0
:10F7F0002045F4E700100040EFF3108372B6054A8D
:10F8000052781AB1044A0221C2F8001103B962B653
:10F81000704700BF944B002000E100E0024B002243
:10F820001A71FFF7E9BF00BF944B0020074B5A79CC
:10F8300093F82F100132D2B291425A719CBF00222C
:10F840005A7102221A71FFF7D7BF00BF944B0020F4
:10F85000F8B5194D194EFFF72DFF00241848FFF792
:10F860005DFF0127C5F8304556F8040B48B1214625
:10F87000FFF79AFFD5F8302507FA04F31343C5F8CC
:10F8800030350134082CEFD10B4B1122C3F804435F
:10F89000C3F800220022C3F8042103F5F033094A1B
:10F8A000C3F8602502F5DE424432C3F864254FF404
:10F8B0008062C3F80425F8BD00100040C44B00204E
:10F8C000B04B00200411004010B50F4CA36813B1D9
:10F8D00078460BF0FDFA0D493C2201F17C0000F066
:10F8E000F1FB031E09BFA268A2690949183213BFC0
:10F8F0000132C1F804250120002018BFA2610033A5
:10F9000018BF0123A37010BD944B00209C4B002016
:10F910000010004038B5194BD3F8503513B1784674
:10F920000BF0D6FA164D6B792B4493F82C00FFF7A9
:10F93000E1FEEB781BB1FFF78BFF0023EB70FFF7C5
:10F94000C3FFB8B10F4C0D4B012161645960D4F86D
:10F95000440508440BF088FB0BF0CAFB0023C4F8F5
:10F960004431094B4FF48062C3F880214FF40033D7
:10F97000C4F8043301232B7138BD00BF00100040D0
:10F98000944B002000A0004000E100E070B50B4C5B
:10F990000B4D012200262261C4F80C61A96821B137
:10F9A00005F1840000F072FCAE60D4F85035002BF5
:10F9B000FBD1BDE870400BF0C1BB00BF00100040A0
:10F9C000944B002010B501F09FFB04460948D0E994
:10F9D00009138B4208D1683001F05EFB21460648CE
:10F9E000BDE8104001F06BBB2144683001F067FBBB
:10F9F000F4E700BF944B0020E44B002010B5084C06
:10FA0000012363700023E370FFF722FF2378022BAA
:10FA100005D123791BB1BDE81040FFF77BBF10BDB6
:10FA2000944B0020024B00225A70FFF7AFBF00BF7B
:10FA3000944B0020F8B54D4B4D4CD3F80C21002AC7
:10FA400050D00022C3F80C21D3F80C21D3F80024A5
:10FA5000A56822B9236901332361294655E0697EEF
:10FA6000E28B914248D8D3F8482552426A73D3F8C2
:10FA7000082404EB82022E1D126BAA60D3F85435C1
:10FA800003F03F032B733B4BD3F84875384601F026
:10FA90003DFF0622686005F11B0105F10F000DF026
:10FAA0009BFF2B7EAA7BC3F3801161F34702AA73ED
:10FAB000C3F303036B75E3680133E360D4F890325A
:10FAC000F3B931460020FFF7D3FDE8B96A7E2A4832
:10FAD000A168173200F047FBD4F8800002F076F8F6
:10FAE0000023A3602378012B13D0022B15D0784676
:10FAF000BDE8F8400BF0ECB9636901336361ACE732
:10FB0000394630469847DCE7A1681B4800F0BEFB49
:10FB1000E6E7BDE8F840FFF739BF144BD3F850359E
:10FB2000032BE4D8DFE803F0021A0A1A2379A3B101
:10FB3000022BDCD8BDE8F840FFF7ECBE2479012C9D
:10FB400006D0002CE5D0022CD1D1FFF71FFFF1E742
:10FB5000FFF7BAFE08B1054B9C60F8BD2379012B75
:10FB6000FBD0002BD5D0022BEEE700BF00100040E9
:10FB7000944B002000800040184C002010B50A4C27
:10FB8000D4F8443113B978460BF0A2F94FF400339E
:10FB9000C4F808330023C4F84431D4F84431BDE834
:10FBA00010400BF097BA00BF00A0004010B5094C00
:10FBB000237813B978460BF08BF92378012B07D102
:10FBC000FFF700FF02232370BDE81040FFF70ABBD8
:10FBD00010BD00BF944B0020024B1878831E584282
:10FBE00058417047944B002038B5054610B9784607
:10FBF0000BF06EF9064C291F04F1840000F046FB5F
:10FC0000A3781BB1BDE83840FFF7F6BD38BD00BF93
:10FC1000944B002013B50B4C01A9204600F0D4FAF8
:10FC200008B100200BE0019901200431FFF720FD0D
:10FC3000019B18B1181DFFF7D7FFEDE7181D02B0A3
:10FC400010BD00BF184C0020014800F0EABA00BF08
:10FC5000184C0020884238B504460D4602D278463A
:10FC60000BF036F90C4B9C4202D978460BF030F978
:10FC700040F6B7339D4202D878460BF029F9074B7E
:10FC8000C3E909545C67DC651B78022B03D1BDE82E
:10FC90003840FFF797BE38BD00007102944B00203A
:10FCA0004B1E022B70B506460C4602D978460BF067
:10FCB0000FF93346A1198B420AD013F8012B252ADC
:10FCC000F9D0262AF7D0272AF5D078460BF000F98C
:10FCD000054D2246314605F12C000DF07DFE002336
:10FCE0006B7185F82F4070BD944B00204B1E072B85
:10FCF00070B506460D4602D978460BF0E9F8084C77
:10FD00002022002104F130000DF074FEAA003146DB
:10FD100004F130000DF060FE0123E37070BD00BF00
:10FD2000944B002007B50F4B68461A889B78ADF8B6
:10FD3000002003218DF80230FFF7B2FF0A4B019338
:10FD400001A80121FFF7D2FF084B0949032283F8DC
:10FD5000202008460122DA70FFF77CFF03B05DF82F
:10FD600004FB00BF48EA0300D6BE898E944B0020F6
:10FD700080841E0038B5114C05464FF425720021D1
:10FD800020460DF037FE4FF4007204F1900104F1AB
:10FD9000840000F01BF9FFF7C5FF0023237725231C
:10FDA000E383074B2367074BA36528460123237092
:10FDB000237101F0EDFEC4F8800038BD944B0020A3
:10FDC0001DF802002DF802000146102201480DF036
:10FDD00003BE00BF284E002010B50C4C0C49082271
:10FDE00020460DF0F9FD08220A49A0180DF0F4FD97
:10FDF000A37903F00F0343F04003A371237A03F0C8
:10FE00003F0363F07F03237210BD00BF284E002024
:10FE100060000010A400001000487047284E002029
:10FE20000022064913460132202A4B804B6001F81C
:10FE3000083BF8D1024A1360704700BF384E0020DB
:10FE4000384F0020F0B50C4B0C4C1B6806462022A6
:10FE50007BB1013B14F8330050B104EBC3056F884C
:10FE6000B74202D16D688D4202D0013AF0D11046FE
:10FE7000F0BD1F23EEE700BF384F0020384E0020B2
:10FE800030B5084A084C136804EBC30569600121CA
:10FE900004F833100B44202B08BF00236880136044
:10FEA00030BD00BF384F0020384E00200023044AE8
:10FEB000194602F833100133202BFAD1704700BFE6
:10FEC000384E0020F8B5074610B978460BF000F818
:10FED000104E346884B1104D01232B7023791BB967
:10FEE00054F8043C384698472468002CF6D12B7807
:10FEF000022B02D000232B70F8BD3168054C00297D
:10FF0000F8D00B790E6813B1204602F0ACFC3146F4
:10FF1000F5E700BF404F00203C4F002010B50446DD
:10FF200010B978460AF0D4FF00232372211D02483D
:10FF3000BDE8104002F076BC404F002010B50446EA
:10FF400010B978460AF0C4FF074A1378013B012B29
:10FF500004D8022313700123237210BD211D03480E
:10FF6000BDE8104002F07FBC3C4F0020404F002015
:10FF70000B888268D25A073222F0030213440288A7
:10FF80009BB2043A934288BF00230B80704713B59D
:10FF90008368C91AADF806100DF10601FFF7E8FFF6
:10FFA000BDF806308068184402B010BD10B5044694
:10FFB00010B978460AF08CFF2388042B02D87846C3
:10FFC0000AF086FF2088043880B210BD70B506465E
:10FFD00015460C4611B978460AF07AFF16B97846EC
:10FFE0000AF076FFB4F1005F24D94FF08053D3F8C4
:10FFF0000C3103F50023B4EB832F1ED26B1E234478
:020000023000CC
:10000000B3F1005F26D94FF08052D2F80C2102F5EF
:100010000022B3EB822F20D2042D02D878460AF0BA
:1000200057FF35800023043D7380B380B460258082
:10003000A37070BDB4F5000F08D94FF08053D3F80A
:100040000C3103F50053B4EB832FD7D378460AF075
:100050003FFFD3E7B3F5000F08D94FF08052D2F835
:100060000C2102F50052B3EB822FD5D378460AF06B
:100070002FFFD1E738B5044610B978460AF028FFBB
:100080006288A36813449B78012B02D178460AF05A
:100090001FFFEFF3108572B6A268A18811448B7818
:1000A000032B0AD12046FFF772FFA368C31A6380AF
:1000B0000023837005B962B638BD00239370638056
:1000C000A380F7E7F8B50E461546044610B9784602
:1000D0000AF0FEFE16B978460AF0FAFE6288A368B6
:1000E00013449B78012B02D178460AF0F1FE002DD3
:1000F00037D02388043B9BB29D4232D8EFF3108760
:1001000072B66188A388EA1D22F00302994292B276
:1001100004D25B1A9A4210DD042016E018D9208818
:10012000401A904209D29A42F6D8032881BFA368A8
:100130005B1804229A70002363806288A1688B1880
:100140008D5201229A700020336007B962B6F8BD63
:10015000A26813449B78002BDED193706380A38048
:10016000EBE70920F3E7F8B50D461646044610B94B
:1001700078460AF0ADFE15B978460AF0A9FEAB78CC
:10018000012B02D078460AF0A3FE2B88B34202D29C
:1001900078460AF09DFE16B978460AF099FEEFF30C
:1001A000108772B60223AB70E1182E802046FFF74D
:1001B000DFFE6288A38893421FBFA3689B180022BA
:1001C0009A7007B962B6F8BD70B50D46044610B90D
:1001D00078460AF07DFE15B978460AF079FEEFF30D
:1001E000108672B6A288A36813449A78042A06D1AE
:1001F000211D2046FFF7BCFEA288A36813449A780D
:10020000022A05D0032A08D0052006B962B670BDBF
:1002100003229A702B600020F7E778460AF058FE18
:10022000F9E738B5044610B978460AF051FEEFF305
:10023000108572B6A088A16801448B78042B03D185
:100240002046FFF7A4FE01468878831E5842584195
:1002500005B962B638BD38B5044610B978460AF01B
:1002600037FEEFF3108572B6A088A1680144887844
:10027000C31E012B05D9831E5842584105B962B6E9
:1002800038BD2046FFF783FE0146F0E7F8B50D467E
:10029000044610B978460AF01BFE15B978460AF0F4
:1002A00017FEEFF3108672B6AB78012B19D0032B33
:1002B00022D1A288A36813449D4202D078460AF056
:1002C00007FE0027AF70211D2046FFF751FEA288D0
:1002D000A36813449B78042B00D1A78006B962B6AB
:1002E000F8BD6288A36813449D4202D078460AF0A4
:1002F000EFFD0023AB70F1E778460AF0E9FDEDE78A
:1003000010B5EFF3108472B68288816811448B783F
:10031000042B02D1FFF73BFE01468878B0FA80F04B
:10032000400904B962B610BD024B1878003018BFFE
:1003300001207047444F0020014B1868704700BFF0
:10034000604F002010B5044610B978460AF0C0FD91
:1003500063681BB123680BB1A36813B978460AF030
:10036000B7FDA3685A1E1A4202D078460AF0B0FDC3
:100370000023C4E9033310BD38B50546F0B1E9B137
:100380008368EBB1EFF3108472B6D0E902302A69CA
:100390001A44824203D104B962B604240CE0013B42
:1003A0000340D5E9000202FB03000DF015FBEB68EA
:1003B0000133EB6034B962B6204638BD0E24FBE74A
:1003C0000924F9E70024F7E770B50E460446F0B1BA
:1003D0008368F3B1EFF3108572B6D0E90331994227
:1003E00003D105B962B605250FE04EB18368013B24
:1003F0000B40D0E90012304602FB03110DF0ECFA7D
:1004000023690133236135B962B6284670BD0E25D4
:10041000FBE70925F9E70025F7E7F8B50E4613468F
:10042000E8B1E1B18268E2B1EFF3108472B6D0E9CD
:100430000357ED1BAB4203D304B962B605240CE0AD
:10044000D0E901213B44013919400368304602FBE1
:1004500001310DF0C1FA34B962B62046F8BD0E2460
:10046000FBE70924F9E70024F7E70022FFF7D5BFEF
:10047000D0E90320101A7047D0E90302131A58423A
:1004800058417047024AD2F80034002BFBD0704725
:1004900000E00140C0F30B0310B5E3B9E9B1104C23
:1004A0000223C4F80435FFF7EDFF01F6FF7121F4D4
:1004B0007F6121F00F010144884205D10020C4F87A
:1004C0000405FFF7DFFF10BDC4F80805FFF7DAFFEA
:1004D00000F58050F0E71020F5E70920F3E700BFB2
:1004E00000E0014038B540EA010414F003041CD1D7
:1004F000EAB195071BD10F4B95080122C3F80425DB
:10050000FFF7C0FFAC4206D10A4B0020C3F8040538
:10051000FFF7B8FF38BD51F824305A1C03D040F81B
:100520002430FFF7AFFF0134ECE71020F2E7092099
:10053000F0E700BF00E001402DE9F8431D4CDFF873
:10054000789000260221204602F07AF85FFA86F8B9
:1005500005460027ADB967B12946204602F0D7F815
:10056000082806D154F8043C1BB12A4649464046A7
:1005700098470136032E04F1BC04E3D10120BDE805
:10058000F88354F8043C23B134F80C2C2946404637
:10059000984734F80C3C02210133204624F80C3CE7
:1005A00002F06AF80221204602F04AF801370546B7
:1005B000D0E700BF784F00204CEA030038B5012196
:1005C00004460C3002F03CF8054620B3164BC4F844
:1005D0009C300023C4F8A03003786268012B07D058
:1005E000022B1AD078460AF073FC4FF4FA7306E037
:1005F00081688B1A990829234B4303F5FA730B4A38
:10060000934294BFC4F8A830C4F8A8200123C4F8CA
:10061000AC4084F8B830284638BD83689B1A1A0B62
:10062000034B5343E9E700BF550603006085010013
:10063000084C010010B50446FFF7C0FF48B104F1B3
:100640009C00FEF7F3FD20B17846BDE810400AF0AB
:100650003FBC10BD2DE9F74F4A4B1B7880460D4635
:100660003BB1FEF719FE002385F8B83003B0BDE8B2
:10067000F08F01F10C09D1F8A8704846012101F072
:10068000DFFF064610B978460AF022FCDFF8FCA02E
:10069000A7F5FA7700244FF0290B3378012BA7EB4D
:1006A000040406D0022B3BD078460AF011FC00234C
:1006B0001FE06B68B268B4FBFBF4D21AA40094424A
:1006C00028BF144624B9019378460AF001FC019B27
:1006D000F168706823F00303224619441844FFF7B9
:1006E00001FF10B178460AF0F3FB6B681C446C60A4
:1006F000B3686A689A422AD1FEF7CEFD48460121C6
:1007000001F0BAFF00236B6085F8B8301E4B186803
:1007100001F05CFA284603B0BDE8F04FFFF78ABF4E
:100720006B68B268B4FBFAF4D21A2403944228BF6F
:10073000144624B9019378460AF0CAFB019B7068FD
:1007400023F0030321461844FFF7A4FEC9E701F094
:1007500087F83378B0EB080448BFA8EB0004012BFE
:100760000BD0022B0BD078460AF0B2FB00232344B7
:10077000BB4292D9FEF790FDCCE72923F7E7534619
:10078000F5E700BF684F0020644F0020084C0100CF
:1007900070B51B481B4C01F0FBF91B4B186004F1B2
:1007A0001C0341F203060825636104F10C0004F107
:1007B00018032361A681A57301F085FF04F1D80316
:1007C000C4F8D03004F1C80004F1D403C4F8CC302C
:1007D000A4F8C86084F8CA5001F075FF04F5CA7324
:1007E000C4F88C3104F5C873A4F8846184F8865188
:1007F000C4F8883104F5C270BDE8704001F063BFF1
:10080000390503006C4F0020644F0020022838B5E2
:1008100004460D4602D978460AF05AFB024BBC2228
:1008200002FB0434A56038BD6C4F002002282DE97E
:10083000F84F07460C46924602D978460AF048FB24
:1008400014B978460AF044FB2378012B12D163686F
:10085000990702D078460AF03BFBE3689A0702D07A
:1008600078460AF035FBA3689B0711D078460AF05A
:100870002FFB0DE0022B0DD16368C3F30B0313B103
:1008800078460AF025FBA368C3F30B03002BEDD1D8
:10089000A36813B978460AF01BFBEFF3108872B611
:1008A000BC257D43224E05F10C09B1440021484688
:1008B00001F0C6FE834618B30021484601F0DCFE75
:1008C0001022214658460DF087F8BAF1000F03D0E8
:1008D00073195B88AAF80030BC2303FB07677B8889
:1008E00097F8B84001337B80FCB9124B1F7847B9A9
:1008F0007019FFF763FEB8F1000F07D03C4607E020
:100900000424B8F1000F0DD1A046002062B6444681
:1009100040B105F19C003044FEF788FC10B17846E8
:100920000AF0D6FA2046BDE8F88F0024E9E700BFB8
:100930006C4F0020684F002070B50A4D0024EFF383
:10094000108672B60021281901F0E1FE06B962B6E0
:10095000082805D1BC34B4F50D7FF0D1002070BD5E
:100960000120FCE7784F002070B5EFF3108672B6D7
:10097000144C236818BB13B978460AF0A9FA236807
:10098000013B236093B9104D95F8B83013B9284650
:10099000FFF750FE95F8743113B90C48FFF74AFE83
:1009A00095F8303213B90A48FFF744FE2368094A24
:1009B000003318BF0123137006B962B670BD01334E
:1009C0002360F3E7A05100206C4F00202850002046
:1009D000E4500020684F002010B1800B014B185CE0
:1009E000704700BF5CEA030012DF704701F0FEBBF6
:1009F00070B58AB0FFF70EF90446002834D0002302
:100A00008DF8103006460FCE05AD0FC533682B604C
:100A1000627D052A0CD9207D00F00F03072B07D03B
:100A200004AB063A04F11D0100F00F00FDF74EFF84
:100A3000114B1A68AAB104AB0393237DC3F30303DC
:100A40008DF80430637D062B89BF063B00238DF8AB
:100A5000053004F11D0398BF8DF80530029301A8FD
:100A600090472046FFF7C0F8FFF7EEF880F001004E
:100A7000C0B20AB070BD00BFAC51002010B50F4C21
:100A80002378022B8CB005D10AF01CFD28B90C4844
:100A9000FFF744FA01200CB010BDFFF787F80323DD
:100AA00030220021684623700CF0A4FF1D23684605
:100AB0008DF80030FFF706FAECE700BFA8510020E0
:100AC0006C2E002000B50A4B1A78042A8DB00CD188
:100AD00005221A700021302268460CF08BFF1C237F
:100AE00068468DF80030FFF7EDF90DB05DF804FBB6
:100AF000A851002008B50378122B08D10448FFF74D
:100B00001DFA044B1868BDE8084001F05FB808BD45
:100B10006C2E0020A4510020F7B5314F3A780546DD
:100B2000002A52D1002852D0067A0F2E01D0062E6C
:100B30004FD103F031FBE868002843D0FFF744F9B8
:100B40000DF10700FFF750FF0446C0BB9DF80730CA
:100B5000012B40D1FFF764F900F06AFA304600F04B
:100B60003FFFE87800F0F6F800F070FDFEF7F4FAC9
:100B70001C48FFF7FFF8FEF72DF8FDF77DFEFFF7A5
:100B800007FE02F007FF00F007FC03F0CDFA03F0C8
:100B90000DF9284601F0D0FA0CF0F8FA02F0B6FB95
:100BA00003F024FC08B1062817D10F4800F0F0FF2D
:100BB0000E4B18600E4B00221A6001233B7020463A
:100BC00003B0F0BDFFF708F9BAE70824F7E70E24F1
:100BD000F5E70724F3E70224F1E70446EFE700BF57
:100BE000A8510020F10903007D0A0300A451002050
:100BF000AC51002038B5114D2B78012B05D013B125
:100C0000043B012B0DD9082415E001F0A3FA0CF0E8
:100C1000FFFA03F0C7FC044608B106280BD100F028
:100C20000BFFFEF7F5FA044628B902232B70044B9C
:100C3000186800F0CBFF204638BD00BFA851002047
:100C4000A451002008B5084B1A78032A0AD10422BF
:100C500006481A70FEF7A2FA18B178460AF038F979
:100C6000002008BD0820FCE7A8510020C50A0300A9
:100C70000CF0D0BAFFF752B9FFF760B908B500F031
:100C8000B5FC002008BD7047044B1A680132B2F170
:100C9000704F08BF01221A6018687047B0510020D9
:100CA00010B5044610B978460AF012F90023C4E9D9
:100CB000003310BD38B50D46044610B978460AF029
:100CC00007F915B978460AF003F900236B60EFF3D2
:100CD000108372B6226822B92560656003B962B6D6
:100CE00038BD62685560F8E710B5044610B978461B
:100CF0000AF0EEF8EFF3108272B6206820B90023F4
:100D0000636002B962B610BD43682360002BF8D15E
:100D1000F5E710B5044610B978460AF0D9F820680E
:100D200010BD35DF7047000008B54FF0FF30FFF70A
:100D3000F8FFBFF34F8F0549054BCA6802F4E06224
:100D40001343CB60BFF34F8F00BFFDE700ED00E022
:100D50000400FA0507289ABF024B33F81000FA2066
:100D6000704700BF60EA0300024B5868103840B279
:100D7000704700BF00ED00E000280346B8BF00F157
:100D80001F03084A5B1152F82330424202F01F024F
:100D900000F01F0058BF504223FA00F000F001009D
:100DA000704700BF00E100E046DF704730B501F159
:100DB00010031032103013F8014D12F8015D8B4210
:100DC00084EA050400F8014DF5D130BD2DE9F04766
:100DD000144690B002F10F05102288462D110146ED
:100DE0000DEB0200994604F00F040CF0F5FD0DB177
:100DF000002C4DD000264FF0020A0021102208A836
:100E00000CF0F8FD04A8FFF7CFFF01210CAA9DF913
:100E100030000023174692F800C012F801EF0133AA
:100E20004FEA4C0C9BB24CEADE1C0F2B02F801CCB3
:100E3000F1D19DF83F305B00DBB20028B8BF83F0F2
:100E400087038DF83F304B1C9A454FF00201DDD2ED
:100E5000013D08EB0511F6B10CAA6846FFF7A6FFA5
:100E6000102200210CA80CF0C5FD0024AC4224DBAC
:100E70003A46694608A8FFF799FF04A8FFF794FFD0
:100E80001022394648460CF0A7FD10B0BDE8F087A7
:100E90000126B246B1E7224668460CF09DFD10AB34
:100EA0002344802203F8402C0134102C02D10CAAD8
:100EB0006946D2E70DF80460F6E708EB04123946FC
:100EC00008A8FFF773FF04A8FFF76EFF0134CDE712
:100ED00038B5124B1A6804462AB11A684568526838
:100EE000AA1A002A0DDA1A6862611C609A88013217
:100EF00092B29A8012B9784609F0EAFF0123237072
:100F000038BD19684A691AB15068401B002802DBD5
:100F100062614C61EAE71146F4E700BFB851002076
:100F200010B5124B1A68824204461A460BD1426928
:100F30001A609A8892B2511E89B299808AB978460D
:100F400009F0C6FF0DE01B685BB15969A1420BD1E6
:100F50006169596193889BB2591E89B29180002BB7
:100F6000EDD00023237010BD0B46EDE7B8510020F3
:100F7000014B186800F02ABEB4510020044B1A68D7
:100F800022B11B680349586800F046B900F09AB9CD
:100F9000B8510020710F03002DE9F04100F0B4F8C2
:100FA000224E054637464FF00008336823B13368B8
:100FB0005B685B1B642B06D400F0A6F8FFF7DEFF2E
:100FC0000120BDE8F08134682378012B02D07846F7
:100FD00009F07EFF63693B60BB88C4F814809BB254
:100FE0005A1E92B2BA8013B9784609F071FFA3680D
:100FF00013B9784609F06CFF022328462370216953
:10100000A368984700F080F82378022B0546CCD1DE
:10101000E2680AB92270C8E763681344591B64295F
:10102000FBD463602046FFF753FFBEE7B8510020B2
:1010300008B50822002106480CF0DCFC054800F049
:10104000A7FD054B1860BDE8084000F050B800BF90
:10105000B8510020990F0300B451002010B5044688
:1010600000F08CFE14B9784609F032FFA36813B97A
:10107000784609F02DFF2378012B02D1784609F03C
:1010800027FF002363612046FFF722FF00F03CF8B2
:10109000BDE81040FFF772BF10B5044600F06EFEC9
:1010A00014B9784609F014FF2046FFF739FF0023F2
:1010B000636100F029F8BDE81040FFF75FBF38B565
:1010C00004460D4600F05AFE14B9784609F000FFB8
:1010D0002046FFF725FF0023636120466560FFF788
:1010E000F7FE00F011F8BDE83840FFF747BF08B53C
:1010F000F8F7B8FD38B9F8F7E9FC20B17846BDE853
:10110000084009F0E5BE08BD10B5EFF3108072B6D7
:101110000C4A0D4B1968D2F80435D2F80441012C61
:1011200004BFD2F80435013100B962B6074843EA7A
:1011300001614FF480420023E0FB0123D00B40EA21
:10114000434010BD00100140C051002040420F003C
:1011500010B50A4B0A4C4FF40032C3F84823C3F8C9
:101160000823226812B9784609F0B2FE2468FFF716
:10117000CBFF2346BDE81040184700BF00100140D8
:10118000CC51002070B5EFF3108072B61D4B1E4994
:101190000022C3F804210A6801320A6000B962B66D
:1011A0001A4A1168F9B11168013911601268D2B98F
:1011B0001749D3F804050A68904215D2EFF310805E
:1011C00072B6D3F804250C68951CA5422CBF0332D7
:1011D0000A68C3F8442500B962B64FF40032C3F878
:1011E0004423C3F8042370BD0A4C226812B9784620
:1011F00009F06EFE2468FFF787FF2346BDE87040C4
:10120000184700BF00100140C0510020C451002009
:10121000C8510020CC51002037B50023044601936B
:101220000D4611B9784609F053FE204B1D60FFF7BB
:101230006BFF031B002BB8BF241A1D481D4AA8BF13
:1012400000244FF4004500210023E5FB04010CF0CD
:10125000BFFCEFF31083019372B6174A174CD2F814
:1012600004350328C3F1FF1101F57F4138BF032086
:101270008142134910D30344C2F844354FF400337C
:10128000C2F84433C2F80433002323600B60019B8F
:1012900003B962B603B030BD03F17F4301330344A9
:1012A0001A0E0132226023F07F43EFE7CC51002079
:1012B00020A1070040420F0000100140C45100204F
:1012C000C8510020074B4FF40032C3F84823C3F83D
:1012D0000823054A00231360044A1360044A13607C
:1012E000704700BF00100140C4510020C8510020C9
:1012F000CC51002030DF704731DF704710B5D0E9A6
:1013000000238468C168A2EB731283EAF43303609C
:101310000C441344114444608160C360184610BDFE
:1013200037B50C46054610B9784609F0D1FD0023C3
:101330009C4201D803B030BD0DF10700FFF7DAFF82
:101340009DF807100029F7D0E21A914288BF8DF866
:101350000720E8189DF80710FFF7CEFF9DF807203B
:101360001344E5E737B50421044600230DEB0100E3
:101370000193FFF7D5FF074B2360019BE360C4E9AE
:10138000013314252046FFF7B9FF013DFAD103B020
:1013900030BD00BFED5EEAF17047032002F09ABB5A
:1013A00048DF704749DF70474ADF7047074B032229
:1013B0001A741868064A5A6143F2B06140F6D8635D
:1013C000984288BF0B469360704700BF0C520020C4
:1013D0002C520020054B1B68A0F17802283358439B
:1013E000034BB0FBF3F0101A704700BF28520020E7
:1013F00040420F0038B50E4A0E4C0123637113684A
:10140000002501331360257400F086FAFDF7BAFF5A
:101410002068FFF7DFFF084A0146284600F0EEF992
:1014200020B17846BDE8384009F052BD38BD00BF54
:10143000405200200C520020AD13030030B41E4B6C
:101440005C6928B11A68D96822440131D9601A60F0
:101450009A680121013224FA01F5012A19749A606F
:101460005D6119680DD0022A19D05B69134A1944CD
:10147000914203D840F6D76293421BD830BCFFF7A5
:10148000B9BFB5F5FA7F03D130B900225A61ECE754
:1014900041F6B1529442E8D840F6D862F6E7DA68ED
:1014A000022A02D1054A521AF0E7012ADDD10028AA
:1014B000EBD0DAE730BC70470C52002080969800E1
:1014C00070B5424C424D012323712B781BB1414B27
:1014D0001E78002E5BD000232374042853D8DFE845
:1014E00000F0034D4A4844003B4DA179AA68C4E985
:1014F000023323682260002934D001212174374946
:10150000002B08BF0B46991AB1F57A7F26D39A4271
:1015100024D8616143F2B06043F69822C5E9020223
:1015200001236B71A371237C023B012B0DD86379DE
:1015300043B1FDF743FF2068FFF74CFF00F01EFAB0
:1015400000236371234B00221A70237C2448022B52
:1015500004BF012323760023237170BD4FF47A73F7
:101560006361D7E7FFF746FFD4E70120FFF766FF87
:10157000D9E70020FAE7FDF7B3FED4E700F090F9D1
:10158000FDF7E6FECFE7784609F0A2FCCBE700F0D6
:1015900067F92B782060022B0FD0032B06D0012B8C
:1015A00010D10223237400232B70BCE70A4B0D4992
:1015B0000D4A5E71C3E90212A67103232374064B20
:1015C0006361F0E7784609F083FCECE70C520020F9
:1015D0003D5200203C5200202C5200208096980062
:1015E0001C520020A0860100FF1FA107043808B587
:1015F000042825D8DFE800F016220A030F00114B5B
:101600001B7E012B1CD1FFF7CDFEC8B17846BDE88B
:10161000084009F05DBC0B4B00221A76BDE808407B
:10162000FDF708BF08480123437143F6982240F6AE
:10163000D863C0E90232FFF7B7FEE6E70248FAE7EF
:1016400008BD00BF0C5200202C5200200D4A4FF460
:1016500080710023918043F2B06C43F6982113709F
:10166000C2E902C1084A1060084A1370084A1370A0
:10167000084A1360084A137613609380012393711C
:10168000704700BF2C520020285200203C520020FE
:101690003D520020405200200C52002010B50E4C4C
:1016A000227E012A0CD022B1022A0CBF1120002078
:1016B00010BD0A48FFF774FE10B1784609F008FC27
:1016C0000748FFF771FE10B1784609F001FC0223CC
:1016D00023760020ECE700BF0C520020C114030069
:1016E0002C520020074B1B7C023B012B07D9064BD9
:1016F0001878013802288CBF002001207047012093
:10170000704700BF0C5200203D520020014B18686A
:10171000704700BF0C52002010B5074B587948B1F4
:101720001868FFF757FE044600F09AF80346201A9F
:1017300048BF181B10BD00BF0C520020014B587948
:10174000704700BF0C520020014B1879704700BF52
:101750000C520020024B187E003018BF0120704749
:101760000C520020EFF3108372B6054A527922B171
:10177000044A4FF48071C2F8001103B962B6704791
:101780000C52002000E100E0044B1B7E022B04D130
:10179000034B01221A70FFF7E5BF70470C5200207F
:1017A0003D520020064B1B7E022B07D10128054B22
:1017B0000CBF032202221A70FFF7D4BF704700BF8C
:1017C0000C5200203D520020064B19781A4631B1C8
:1017D00028B90549097811B11870FFF7C3BF107017
:1017E000704700BF3C5200203D520020024B1B6856
:1017F00003B962B6704700BF54520020022810B5EA
:1018000022D8EFF31084114B1C6072B6104B43F8D2
:101810002020104B002243F820200F4B1B787BB177
:10182000830003F1804303F500431030C3F84021E7
:10183000012202FA00F0094AC2F80403C3F8401575
:10184000FFF7D4FF002010BD0720FCE75452002012
:10185000445200206052002050520020008000407E
:1018600008B5EFF310820A4B1A6072B6094B1B7869
:1018700053B1094B0022C3F84C210122DA64D3F89A
:101880004C05FFF7B3FF08BD044B1868F9E700BF2C
:101890005452002050520020008000405852002036
:1018A0002DE9F84F0024174EDFF85C804FF0010A55
:1018B000A146A50005F1804505F50045D5F8403164
:1018C000C3B1D8F8043304F110070AFA07F73B4212
:1018D00010D0D6F800B0BBF1000F02D1784609F065
:1018E000F7FAC6F80090C8F80873FFF7B9FFD847B1
:1018F000C5F840910134032C06F10406D9D1BDE8A6
:10190000F88F00BF4452002000800040014B1B684C
:10191000184470475C52002008B5134B0022C3F8EE
:101920004025C3F84021D3F84011C3F84425C3F83B
:101930004421D3F84411C3F84825C3F84821D3F80B
:1019400048310A4B1B681BB9094B4FF480721A606F
:10195000084B01221A70FFF7D7FB0146FFF780FF03
:10196000054B081A186008BD008000405452002042
:1019700000E100E0505200205C5200200B4A0C496C
:1019800000231360536093600A4A0B6010600A4A98
:101990004B6013708B60094B4FF0FF32C3F8082384
:1019A000074B4FF48072C3F88021704760520020CB
:1019B0004452002058520020505200200080004025
:1019C00000E100E0044B1B780F2B1EBF034B4FF4CC
:1019D0008022C3F800217047D053002000E100E0CE
:1019E00010B5104C104B2070104803601023C0E954
:1019F0000133FEF7A7FC0E48FFF752F923780F2BAF
:101A00000AD0072B09D8EC221A41D20705D55B0171
:101A1000084ADBB282F8123310BD7846BDE81040A8
:101A200009F056BAD0530020805200206C5200209A
:101A3000D453002000E100E00D4B1B780F2B0DD09C
:101A40000C4991F812335A09EC231341DB0706D5F0
:101A5000094B9A6832B94FF480230B60704778467F
:101A600009F036BA1A6842F480221A60704700BF43
:101A7000D053002000E100E0F86A002030B50D46A8
:101A800085B0044610B9784609F022FA0023694669
:101A900006488DF80030CDE90145FEF76DFC18B918
:101AA000FFF790FF05B030BD0420FBE76C5200202B
:101AB000F8B5EFF3108772B617480268511C016041
:101AC00002BB164B1B780F2B21D0EFF3108C72B694
:101AD000134A144C95680123E5B99360124B134ED9
:101AE000D3F8801031401160C3F88060D3F88410BF
:101AF00051604FF0FF32C3F884202570BCF1000F15
:101B000000D162B6036813B9784609F0E1F907B964
:101B100062B6F8BD2370F1E780530020D053002057
:101B2000F86A0020D153002000E100E0FC06FFBD70
:101B300038B5EFF3108572B6104C236813B97846A8
:101B400009F0C6F92368013B2360A3B90C4B1B784D
:101B50000F2B10D00B4B9A686AB10B4A127852B90E
:101B6000EFF3108072B609491C680C605C684C6029
:101B70009A6000B962B605B962B638BD80530020DC
:101B8000D0530020F86A0020D153002000E100E08B
:101B900038B5054610B9784609F09AF9094C23681A
:101BA000102B02D9784609F093F9EFF3108372B63F
:101BB0002068421C2260044A42F8205003B962B6F1
:101BC00038BD00BF845300208853002010B50E4B51
:101BD0001B688342044602D8784609F079F9EFF38E
:101BE000108072B6094A6109012304F01F0403FA48
:101BF00004F452F82130234342F82130FFF7E2FE8B
:101C000000B962B610BD00BF84530020CC53002041
:101C100070B50D461646044610B9784609F058F9D5
:101C200015B9784609F054F9EFF3108372B6002223
:101C3000C4E902562274246003B962B670BD000084
:101C400070B5044610B9784609F042F9A36813B993
:101C5000784609F03DF9EFF3108672B6237C03F065
:101C6000FF055BB90123064823742146FFF722F8DC
:101C7000FFF7A8FE284606B962B670BD1120FAE744
:101C8000D453002010B5044610B9784609F020F965
:101C9000207C10BD2DE9FF47314E337813B17846D3
:101CA00009F016F90125DFF8C8802E4FDFF8C4903F
:101CB00035700024D8F80030A34212D82A48DFF843
:101CC000A880FFF711F8002750BB284C6946204632
:101CD000FEF77AFB90B300232846337004B0BDE8CA
:101CE000F087610904F01F020123934057F8212077
:101CF000134213D0EFF3108072B657F8212022EA76
:101D0000030347F8213000B962B659F824309847E8
:101D1000824618B92046FFF759FF55460134C9E7F6
:101D20000468237C13B9784609F0D2F8D4E902306C
:101D3000984727744046FEF7D7FFC5E79DF8003067
:101D400043B1012BC2D1019B002BBFD0DDE90201C1
:101D50009847BBE7019B002BB8D002989847B5E79E
:101D6000DC530020CC530020D45300206C520020C0
:101D70008453002088530020FFF78CBF07B5FEF77F
:101D8000F3FF8DF803009DF803301749F02B0DD1B8
:101D90000B780F2B25D01220FEF7EEFF80F001000C
:101DA000C0B200F0010003B05DF804FB9DF8033001
:101DB0005BB2002BA7BF03F1604303F5614303F05F
:101DC0000F030A4AACBF93F80033D35C5B0901935D
:101DD000019A0B78934204D0019A9342DBD30020FE
:101DE000DFE70120DDE700BFD053002014ED00E065
:101DF00046DF704730B58DB00D46144601461022BF
:101E000068460BF0E9FD102229460DEB02000BF0AD
:101E1000E3FD6846FFF7ECFF102208A920460BF00F
:101E2000DBFD0DB030BDFEF7D1BF00F0C7BE00F046
:101E3000EFBE30B4032956D8DFE801F0022727505F
:101E400000241C70817A5A7861F306025A70C17AB4
:101E5000D2B261F3C7125A70C1680D04C1F30742D0
:101E600005F47F0501F47F412A430A43C2F30721A9
:101E70009A70120C1A71D9700189DC710A0A42EA4F
:101E80000122A3F805201C7222E01970597801F094
:101E9000800162F3C7115970C1680C04C1F3074295
:101EA00004F47F0401F47F4122430A439A70C2F391
:101EB0000721120C1A71D97001890A0A42EA01221B
:101EC000A3F8052041880A0A42EA0122A3F8072064
:101ED000026912BAC3F8092030BC704703220024FB
:101EE0001A705C70B8E7784630BC08F0F1BF7FB577
:101EF0000E461546044600B112B9784608F0E8FFD0
:101F00001022002168460BF075FD2B463246214613
:101F10006846FEF75BFF04B070BD2DE9FF410B9DE5
:101F2000884616461C46074610B10AB103B115B9DA
:101F3000784608F0CDFF6B46424639463046FEF7FC
:101F400045FF2B469DF8282021466846FEF73EFFB8
:101F500004B0BDE8F0810000F0B50D468FB0144626
:101F60001F46064608B101B113B9784608F0B0FF24
:101F70001CB9784608F0ACFF01E0102CF9D8254BCD
:101F80001868009005AA68460421FFF7B0FF01AB6E
:101F9000314605A81022FEF719FF2246294605A85A
:101FA0000BF01AFD0EAB2344012203F8242C05ABE1
:101FB000A218194601A892B2FEF708FF9DF8233037
:101FC0003E4603F07F0306F8013B2246294609A856
:101FD0000BF002FD04F110050EAB1D441134A4B248
:101FE000022305F8243C2246334605A901A8FEF742
:101FF000EDFE3146102205A80BF0EEFC032305F898
:10200000243C224607F1110305A901A8FEF7DEFED4
:102010000FB0F0BD70EA030070B50D4688B00646FB
:1020200000B111B9784608F053FF114C0421206823
:10203000019004AA0DEB0100FFF759FF04AB3146F4
:1020400018461022FEF7C2FE234602A953F8040FD9
:1020500002901B798DF80C3004AB18460522FEF770
:10206000B5FE082206A928460BF0B6FC08B070BDE4
:1020700074EA030070B50D4686B0064600B111B98A
:10208000784608F025FF0F4C54F8040B009002AA84
:1020900068460421FFF72BFF02AB31461846102299
:1020A000FEF794FE2068019002AB042218460DEB67
:1020B0000201FEF78BFE9DF8173003F03F032B70F3
:1020C00006B070BD7DEA030030B50268037CD17AAA
:1020D00087B000298DF80430836814BF08210421DB
:1020E00009330B44CDE90232436804930446C368C4
:1020F0000593694601A800F053FE50EA010318D089
:10210000237C012B0CD0206800F10C01103009F069
:1021100001FB054620B100F0E7FE284607B030BDC0
:102120002168009800F019FA009B093363610025CB
:10213000F3E70425F1E7000008B500B14068044B5F
:10214000186009F039F9BDE8084001F091BA00BF04
:10215000E053002008B509F053F9BDE8084001F04C
:10216000C5BA10B5044610B9784608F0B1FE236828
:1021700013B9784608F0ACFE23685B6913B978465A
:1021800008F0A6FE237C012B02D9784608F0A0FEB9
:10219000E36813B9784608F09BFE2046BDE810407E
:1021A000FFF792BF10B5044610B9784608F090FECC
:1021B000636913B9784608F08BFE236813B9784633
:1021C00008F086FE23685B6913B9784608F080FE44
:1021D000606900F01FFAA16802460023206800F041
:1021E0007DF9BDE8104000F043BE0000F0B50E469A
:1021F00097B017460446002800F08B8000F00CFAD8
:102200002146021B0EA80BF0E7FB02AD0023009352
:1022100022460EAB3146284600F0B5F804460028A9
:1022200062D19DF80830002B5ED0059AB2F1807F14
:102230005AD29DF813200AB1022B55D09DF91230C5
:10224000002B51DB079B13B9784608F041FE31465D
:10225000284600F0D7F9C6B231463B462A460DF172
:1022600041000BF00DF908A90446BDF81000FCF779
:1022700023FA28B10599BDF81000FDF701FE33E0FF
:10228000012001F081FF0028F4D09DF81230012BCD
:10229000F0D99DF80830012B29D01F4B1B6873BB68
:1022A0009DF812300895013B8DF812304FF0FF3346
:1022B0000993DF230B9308A801230A968DF8303089
:1022C000FFF702FF054640B932460DF141010D9876
:1022D0000BF082FB08A8FFF765FF9DF81230013371
:1022E0008DF81230002DC5D0204617B0F0BD08A9DA
:1022F000BDF80A00FCF7E0F90028CED0BAE79DF857
:102300001220BDF80A10BDF8100098470028C7D168
:10231000B0E70E24E8E700BFE053002008B528B17D
:10232000012804D0784608F0D3FD002008BD032022
:10233000FCE770B5064688B00D461446002105221C
:1023400004A80BF057FB336907221BBAA9180DF13B
:102350001900CDF815300BF03FFB70696A4611305B
:1023600004A9FFF747FDAB1D0DF10600E21D13F8B0
:10237000011910F8014DAB4281EA040102F8011D78
:10238000F5D108B070BD2DE9F04F95B01D469DF810
:102390007830019389461746044618B112B10DB141
:1023A000AA4202D1784608F093FDA9F1090BBBF1CE
:1023B000140F00F28F803878C00909F0F1F9002677
:1023C000206166613B78CDE9056603F07F030093E9
:1023D0000DF1140A06AA51460098FCF717F8FB1DE8
:1023E0004FF0000802935AF82830002B68D00022E2
:1023F0000F9207AA0C92029A0D92EA1D1192636144
:102400002A46394620468DF81360ADF84060FFF744
:1024100090FF6B78DB09E3726B7803F07F03A372A4
:10242000EB78AA781B0243EA02432A791343E3605C
:102430006B79A87940EA03202081FEF7CDFA0128C4
:1024400038D1E37A002B14BF082304235B4531D82D
:10245000E1682089FDF7F6FC039058BBE37A019808
:10246000002B14BF08210421A9F107038DF84C109B
:102470005B1A0D999BB2ADF838300B441293FFF7FD
:102480004DFF07AB0146039A2046FFF7D2FC636974
:102490000DF1130101330BA80B93FFF7C8FC9DF856
:1024A00013303BB1EB79287A40EA03206080FEF7D5
:1024B00093FA20709DF8133073B9B8F1000F06D06D
:1024C000059B002B86D1052015B0BDE8F08F4FF09D
:1024D000010888E70920F7E70020F5E7F0B50C468A
:1024E0008FB016461F46054610B9784608F0F0FC36
:1024F00016B9784608F0ECFC012F02D9784608F0AE
:10250000E7FC3846FFF70AFF01AF3B4601460022D1
:102510002846FFF78EFCEB7A002B14BF0823042318
:102520008DF834306B69A11C0133CDE9053789B2D0
:10253000F31D0022ADF8201005A8194407930B9352
:10254000ADF8282009920C91FFF76FFC3246314616
:102550002846FFF7EEFE0FB0F0BD38B50D46044635
:1025600010B9784608F0B4FC15B9784608F0B0FC0C
:102570002889FEF731FA012802D0784608F0A8FC35
:1025800095F90A30002B02DA784608F0A1FCEB68D6
:10259000B3F1807F02D3784608F09AFC6B6913B9D7
:1025A000784608F095FC2B6903F00102237803F0CC
:1025B0007F0343EAC21323706A69127823F07F0312
:1025C00002F07F02134323706378EA7A03F07F03FB
:1025D00043EAC213DBB26370AA7A23F07F0302F0EE
:1025E0007F0213436370EB6823711A0CA2701A0AFE
:1025F000E2702B89A3711A0A62716B8823721A0A1E
:10260000E27138BDC37A002B14BF082004200939B9
:10261000081A70470938704701307047436849B954
:10262000027880781A441B78C31A12F8010C1844F7
:10263000C0B270475A185B5C12F8010CC01AF7E779
:1026400038B50D46044610B9784608F041FC2378A9
:10265000AB4202D8784608F03BFC29462046FFF7FB
:10266000DDFF40B163686278585DA378013B184094
:10267000A36802FB003038BD38B50C46054610B9DA
:10268000784608F025FC2B78A34202D8784608F05B
:102690001FFC21462846FFF7C1FF18B16A68135D89
:1026A0000133135538BD10B5044610B9784608F00B
:1026B0000FFC0023194622789A4200D810BD6268A8
:1026C000D1540133F7E710B54378044613B978467F
:1026D00008F0FEFB2378012B02D8784608F0F8FBBF
:1026E000A36813B9784608F0F3FB636813B978461A
:1026F00008F0EEFBA37813B15A1E1A4202D07846B6
:1027000008F0E6FB2046BDE81040FFF7CCBF38B527
:102710000D46044610B9784608F0DAFB2378AB4240
:1027200002D8784608F0D4FB29462046BDE8384058
:10273000FFF774BF08B520B119B1FFF79BFC00206B
:1027400008BD0E20FCE713B50B4658B151B100246B
:1027500001220DF107018DF80740FFF7FDFB204630
:1027600002B010BD0E20FBE730B50C468BB005461D
:10277000E0B1D9B11031FFF74FFC0D4B03930D4B76
:10278000186804909B88ADF8143006AA042103A8A9
:10279000FFF7ADFB062300932846019404AB06AA7D
:1027A0001021FFF7BAFB00200BB030BD0E20FBE775
:1027B0006E6B626B85EA030030B50C4687B0054648
:1027C000F0B1E9B104210F4B01930DEB010002AA16
:1027D000FFF78DFB02AB184610222946FFF723FBBB
:1027E0009DF816301B0203F47C529DF817301343FA
:1027F0006FEA43436FEA53432380002007B030BDA4
:102800000E20FBE77674616438B50D46044600B1CE
:1028100011B9784608F05CFBAC421EBF23682B6000
:10282000256038BD38B50C46054600B111B978466B
:1028300008F04EFB2B68A34202D1784608F048FB13
:10284000286840B92C60206038BDA54202D1784686
:1028500008F03EFB28460568002DF6D12146BDE86C
:102860003840FFF7D1BF38B505460C4601B110B965
:10287000784608F02DFB2B6883B1A34205D123686D
:102880002B600020206038BD13461A6822B1A24296
:10289000FAD122681A60F4E7002CFAD00520F2E79A
:1028A000F8B50E461746044608B101B112B978468C
:1028B00008F00EFB2368B34202D1784608F008FB0B
:1028C00025685DB9266028463560F8BD2C68A642AB
:1028D00002D1784608F0FCFA3CB12546314628463C
:1028E000B8470028F2D00F20EFE728463146FFF71F
:1028F0008BFF2046E9E7431E9BB247F6FE629342F8
:1029000008D849B14B8858400B8818420CBF0120A9
:1029100000207047002070470120704710B50388E1
:10292000044613B9784608F0D3FA2088074B04EB25
:10293000800030EA030203D06288B2F5FE4F04D172
:102940001C4004F580542078204410BD00F0FFFFA7
:102950002DE9F04F87B0814603910192049310B99D
:10296000784608F0B5FA0120FDF7FEFFFDF7E4FC1C
:102970000024031D054627464FF00108029347F641
:10298000FE6BD9F81010A14202D9B8F1010F06D0A0
:102990000020FDF7E9FF384607B0BDE8F08FD9F811
:1029A0000C30286803EB0432904202F5805604F1A3
:1029B000010426D1A14205F5805A20D03278164470
:1029C0007188013989B2594535D900F50052304630
:1029D0000592FFF7A3FF059A824210D986420ED2D4
:1029E0004188013989B25945F2D82E79029B428833
:1029F0005146981900F092F9002818BF8246029AB1
:102A00005646137802EB030AB245BADAB8F1010F61
:102A1000B7D10399BAF80200FFF76DFF30B1019BFF
:102A200001371BB104995046984780465046FFF73E
:102A300075FF8246E8E73046D7E7000008B506484C
:102A4000FDF75EFC20B1FDF76FFC80F00100C0B225
:102A500000F0010008BD00BFE453002030B503B909
:102A600030BD013B9BB2CC5CD55C6C40C454F6E7F6
:102A700046DF70472DE9F8438589074688460124DB
:102A800001F120090DB9BDE8F88363BAA8F81E303A
:102A90004046FFF7EDFF102D04F1FF3CB968B8691F
:102AA0002E464FEA0C1C28BF102633464A46614486
:102AB0006044AD1B0134FFF7D1FFADB2A4B2E1E732
:102AC0002DE9F04707460E461446994600F11005D9
:102AD00000F120080CB9BDE8F087C9F1100A54458F
:102AE00005EB090018DA224631460AF075FF04EBBF
:102AF0000900C0F11002002128440AF07BFF0024E5
:102B000010232A4641462846FFF7A8FF3846FFF71C
:102B1000AFFF4FF00009DDE7103C3146524619FA8D
:102B200084F40AF059FFA4B25644E9E770B5838AE9
:102B3000002B90F82030A3F1020303EBD3734FEA8C
:102B40008303164603F0380314BF402200221343C8
:102B500043F001030D4604460B7441680D2205F154
:102B600011000AF039FFA289130A43EA0223EB831A
:102B70002846FFF77DFFA38A83B1B3F57F4F02D3C9
:102B8000784608F0A5F9A28A130A43EA02232B82A9
:102B9000A28A216902232846FFF792FFA28922B167
:102BA0000023A1682846FFF78BFF94F8202005F149
:102BB00020013046BDE870400AF00EBF30B5044633
:102BC0008DB00168102268460AF006FFE269694686
:102BD0002046FFF7ABFFE569616801230D220DF187
:102BE00011008DF810300AF0F7FE00236846ADF8AA
:102BF0001E30FFF73DFF94F8203008AA29462846EA
:102C0000FFF72CFF69462046FFF734FF0DB030BDBB
:102C100070B5102290B004460D4601680DEB02001D
:102C20000AF0DAFEA3897BB1012361688DF82030B8
:102C30000D220DF121000AF0CFFE002304A9204649
:102C4000ADF82E30FFF716FFA369A668A3606A46A9
:102C500004A92046FFF76AFF616801230D220DF1E8
:102C600021008DF820300AF0B7FE002304A8ADF84B
:102C70002E30FFF7FDFE94F820300CAA6946684616
:102C8000FFF7ECFEA66094F82020E16968460AF0A0
:102C900095FEB0FA80F04009287010B070BD70B594
:102CA0000C461646054610B9784608F011F92CB1C5
:102CB0002B78611EC9B213B1012B06D070BD32460C
:102CC000681CBDE8704002F0D5B93246681CBDE80A
:102CD000704000F043BD2DE9F041884616461F467E
:102CE0000446B0B1C2B1013B1B2B15D8FF2913D04C
:102CF000BD1CEDB2691CFBF790FF044648B12B23C5
:102D00004574837480F813803A46314614300AF0D3
:102D100063FE2046BDE8F0810024FAE788422DE9F1
:102D2000F84307460E46904602D9784608F0D0F898
:102D30003C46DFF85C901AE0238804EB83039E4254
:102D400021D9238813B9784608F0C2F8238804EB08
:102D5000830333EA090203D06288B2F5FE4F01D142
:102D60002B782B449E420ED99F421C460BD263887F
:102D7000434509D004EA090505F58055B542E0D37D
:102D8000B3F5FE4FD8D100242046BDE8F88300BF3C
:102D900000F0FFFF014B1860704700BFF4530020A4
:102DA0002DE9F0418846054610B9784608F090F8BC
:102DB000B8F1000F02D1784608F08AF82B78012B81
:102DC00002D9784608F084F8264CD4E90823134346
:102DD00002D0784608F07CF86B681D2B02D9784643
:102DE00008F076F82B78012B09D1EB685A1C06D035
:102DF00003F50073012B02D9784608F069F81A4BE5
:102E00001E68012766B9D4E9082313431FBF6B6806
:102E10002370164BC8F80030D4E90801BDE8F081F2
:102E200016F8032C2B691A421AD056F8083C29468A
:102E30001B68A6F10800984790B916F8042CA2F177
:102E40002003C2F1200127FA01F107FA03F30B4333
:102E5000D4E9080107FA02F202430B43C4E908234C
:102E60003668CFE7506B0020F8530020516B0020EC
:102E70002DE9F843194CD4E90823134302D17846CD
:102E800008F026F8164BDFF85C901D684FF000083C
:102E90002DB900220023C4E90823BDE8F88315F802
:102EA000040CD4E9083CC0F12001A0F12002C34089
:102EB0000CFA01F10B432CFA02F2134303F0010662
:102EC000474656EA070307D055F8083C22785B6866
:102ED0004946A5F1080098472D68D9E7506B0020B6
:102EE000F8530020516B00202DE9F041174CD4E934
:102EF0000823134302D1784607F0EAFF144B1D68FC
:102F00004FF000082DB900220023C4E90823BDE8D2
:102F1000F08115F8040CD4E9083CC0F12001A0F1BF
:102F20002002C3400CFA01F10B432CFA02F21343C6
:102F300003F00106474656EA070305D055F8083C5A
:102F4000A5F108009B6898472D68DBE7506B0020CF
:102F5000F85300202DE9F0410E46174698460546E5
:102F600010B9784607F0B4FF064B1C683CB14346E5
:102F70003A4629793046A446BDE8F0416047BDE8AD
:102F8000F08100BFF4530020F8B50E461746044602
:102F900010B9784607F09CFF16B9784607F098FFFD
:102FA0001FB9784607F094FF01E0FF2FF9D033688E
:102FB00013B9784607F08CFF736813B9784607F0A9
:102FC00087FFB36813B9784607F082FF094D2B7865
:102FD0003F2B02D9784607F07BFF2B7826605A1CDE
:102FE000237167712A7004F108010348BDE8F840B5
:102FF000FFF718BCF0530020F853002082B01422D1
:1030000001900248002102B00AF0F4BC08540020EC
:1030100082B0142201900846014902B00AF0DCBCDB
:103020000854002010B503780A2B8CB039D11E4A01
:10303000C4891388A34234D1418A5388994230D13C
:103040008368032B2DD193685BB35368B3F5004FAE
:103050003CBF013353604168007F05238DF8003089
:103060000B7803F07F038DF804300B78C0F101007A
:1030700003F07F030344DBB28DF805308978ADF8A7
:10308000084001F00F01ADF8061091899BB29942FA
:10309000D18988BF93816846994238BFD381FCF7B4
:1030A00011FF0CB010BD00BF20540020F7B50190F7
:1030B00008880F46FDF790FC02284AD07B68B3F5DC
:1030C000004F03D94FF6FF72934242D1BB68B3F56C
:1030D000803F3ED897F90C30002B3ADB3E460FCEAE
:1030E0001D4C25460FC533682B603A88234612B91C
:1030F000C4E901222273194A59681278E2B14FF6E5
:10310000FF70081A41424141E1B19968D1B1BAB1A9
:10311000B1F5E16F0C4628BF4FF4E1640A1B104D76
:103120002A60FDF7F1FF0F4901FB0401281DFDF79F
:10313000C6FF002003B0F0BD003118BF0121E3E756
:103140001446ECE700240848C3E90144FDF7A4FF56
:10315000EFE70720EEE700BF08540020505400209E
:103160003454002040420F003854002030B50C4D3C
:10317000AC688DB08CB90B48FDF78EFF302221462C
:103180006846AC600AF036FC062368468DF80030CD
:103190000195FCF797FE0DB030BD013CAC60FAE73D
:1031A000205400205454002070B5294C23888EB040
:1031B000002B4BD0274D2A6812B9784607F088FEBD
:1031C0002B6868469847054600283FD102AE032287
:1031D000014630460AF00EFC9DF80830227B8DF83F
:1031E000095023F07F0302F07F0213438DF808306B
:1031F000194B1B788DF80A30019B13B9784607F0FC
:1032000067FE0A238DF8143000238DF820302088C3
:10321000BDF80030ADF82230ADF82600FDF7DCFB3C
:10322000019B0B9303230793237B8DF824008DF8D8
:1032300030306FF00201FF2305A80D9306960AF0C7
:103240005FF8064B003018BF012018700EB070BD3B
:10325000085400206C5400203054002051540020A9
:103260000378012B04D1034B1B780BB1FFF79CBFF4
:10327000704700BF5154002038B5114D114C2B88B8
:10328000DBB16B68CBB1226852B94FF6FF72934243
:103290001CBF03F1FF336B60FFF786FFAB68236051
:1032A0002368094AB3F5E16F194628BF4FF4E1617D
:1032B0004A435B1A2261236001E00023236138BD89
:1032C000085400203454002040420F0082B0019185
:1032D000C1F30741012912D188B90A48127803784D
:1032E000D94301F001018A4209D183F0010303703F
:1032F000054BDB89DB0702D502B0FFF755BF02B0F3
:10330000704700BF305400200854002008B5012148
:103310000B480AF0DDFA10B1784607F0D9FD094BE9
:10332000094ADA60094B0A4A9A600A480A4ADA608E
:103330000A4B0360FCF7F2FD094B01221A7008BD2D
:1033400094EA0300345400207932030054540020DE
:103350006D310300FC53002040420F006132030036
:1033600050540020F0B5054693B010B9784607F0E8
:10337000AFFD0DF1060101A8FBF73EFAAB68B3F50E
:10338000803F02D9072013B0F0BD2888FDF724FB49
:1033900001282FD16888FDF71FFB48B16888FDF729
:1033A0001BFB032804D06A88BDF804309A42E9D197
:1033B0001E4C94E80F0002AE86E80F00AB68FBB924
:1033C00000231B482360A360FDF766FE3022002126
:1033D00006A80AF00FFB06238DF81830BDF80A3056
:1033E000002B08BF002606A8CDE90764FCF76AFD9C
:1033F0000020C8E72888FDF7EFFA0028CAD0C1E707
:1034000029880029DCD06A88002AD9D0084DA36019
:1034100021806280EF68FDF777FE39182846FDF7B6
:103420004EFE7F23E36000236360CFE7205400203B
:103430005454002000487047205400200048704732
:1034400008540020034B00221A70034B01461868F1
:1034500000F0B8BA5054002090EA0300034B186003
:1034600010B9784607F034BD704700BF6C54002097
:10347000024B1B780B7082B002B070475055002091
:1034800007B5094B0190012208481A70FBF7A8FB09
:10349000FDF73AFE064BD9680144184603B05DF8C3
:1034A00004EBFDF70CBE00BF505500207054002007
:1034B0005455002037B50F4C019022780D787AB919
:1034C00055B10D48FBF78CFBFDF71EFE0B4BD96881
:1034D00001441846FDF7F3FD0020257003B030BD10
:1034E000002DF9D10448FBF793FB0448FDF7D4FD08
:1034F000F2E700BF505500207054002054550020C2
:103500007FB5089C06461D462078531E5A425A41F4
:1035100061F3000062F34100024620466FF3870228
:1035200006F1100100F8012B2DBA08220AF054FA16
:103530006B4621463046C4F809500D22FEF773FC55
:103540000822694604F10D000AF046FA04B070BD85
:10355000F0B58BB005460DF10F023149304C314FBB
:103560000020FBF73FF826462268002A4FD051681A
:103570000888142300FB03335B089BB2B3F5167F66
:1035800028BF4FF416730A2B38BF0A238B8052686A
:1035900093780133DBB2022B937006D123685A680B
:1035A00000239370226852681380336859688B68CF
:1035B000EA1A48BF5A1B8B887B43934229D808F0EC
:1035C00099F8074608F0F8F89DF80F1034680229BA
:1035D0003B46A1F1020702460CBF04F1200004F1B2
:1035E0000800794204AC79410094FFF789FF01217A
:1035F000152322460C48FFF76EFB014638B1012324
:1036000003710948FBF744FB33685B689D600BB0AE
:10361000F0BD0DF10F0221460020FAF7E3FFA3E70A
:103620006C55002040420F007054002008B5FDF793
:103630006BFDBDE80840FFF78BBFFFF789BF10B5F2
:1036400086B002AB0D220C46FEF7EDFB08220DEB17
:10365000020168460AF0C0F9082204F10D0168462B
:103660000AF0ACF9B0FA80F0400906B010BD0000D5
:1036700013B5154A154C002313600421144AE26067
:103680000DEB0100134AA2602361FDF749FEFDF72F
:103690003BFD0199E268B1FBF2F302FB13131844FE
:1036A00060600D4C0D4A0E4934232046FBF7CCFBDD
:1036B00020464FF47A71FBF771FB0A4A0A4804214D
:1036C000FEF715FC02B010BD6C55002054550020CB
:1036D000809698003B360300705400200C55002063
:1036E0002D36030040550020A0EA030010B5064C1B
:1036F00023783BB90548FBF773FA0548FDF7AEFCA4
:103700000123237010BD00BF5055002070540020CD
:10371000545500201FB58DF807000DF1070105482D
:1037200000F050F910B1784607F0D2FB05B05DF813
:1037300004FB00BF0300060107B507480DF10301B4
:1037400000F080F910B1784607F0C2FB9DF8030045
:1037500003B05DF804FB00BF030006012DE9F0474C
:1037600017468EB0044610B9784607F0B1FB651CC9
:1037700000230DF1030201A92846D4F80960019342
:10378000FAF730FF36BA4FF6FF784FF00409019B85
:1037900013B90EB0BDE8F0875B6813B9784607F03F
:1037A00097FB0198082200F1080A294618300AF010
:1037B00005F950BB21465046FFF741FF28B3019B56
:1037C0000833019A51680A8842451CBF01320A80B9
:1037D00021468DF8089011F80D2B0796C2F3400092
:1037E000C2F300028DF82120019A8DF8200002A872
:1037F000CDE90323CDE90571FCF764FB0DF103026C
:1038000001A92846FAF7EEFEC1E79DF80330002B28
:10381000F4D00198082200F1200A294630300AF03D
:10382000CDF80028EAD121465046FFF708FF0028CE
:10383000E4D0019B2033C4E72DE9F3410F4C104E37
:10384000019205460F469846A64202D102B0BDE855
:10385000F08122682B681188188888420CD1518821
:103860005B888B4208D8EA881A448A4204DD4246C3
:1038700001996368384698470834E5E704F7030080
:103880001CF7030000B58DB03022002168460AF015
:10389000B1F8122368468DF80030FCF713FB0120C5
:1038A0000DB05DF804FB38B503685C88C3880C1B59
:1038B0009C42054602D3784607F00AFBA8692044DB
:1038C00038BD000037B585B20190020C094C0A489A
:1038D000844202D1002003B030BD03681988A94298
:1038E00006D15988914203D8C3880B449342F2DC35
:1038F0001C30EDE704F703002CF40300F0B58FB0A3
:103900004FF6FE73019080B298420E46144620D1C5
:103910001F4B56F8040B01900125141F1D700198D0
:10392000FFF7D0FF0746D0B18388A3422BD8C368E6
:1039300001983146984740BB002DBDF80610384627
:1039400014BF03240224FFF7AEFF047001200FB060
:10395000F0BD114601A8F9F767FE0025DFE7022553
:103960003022002102A80AF045F80198CDF80E0097
:10397000142302A88DF808308DF80C50CDE90564A9
:10398000FCF7A0FAE2E70025EAE70125E8E700BF37
:103990007C550020064A074808B500231360064AF4
:1039A0001360064A1370FEF7F3F8054B186008BD64
:1039B0007455002085380300785500207C55002080
:1039C00070550020F0B585B00E46019000292FD02B
:1039D000FFF778FF044668B30198E3680390314627
:1039E000BDF8067098470546D0B939462046FFF71E
:1039F0005AFF0378104A43F00303037023681988C1
:103A00000E4B9A420FD1784607F062FA0C4B1868B9
:103A1000FEF7DCF83346039A00212046FFF70CFF3F
:103A2000284605B0F0BD18888842EFD00833E8E793
:103A30000E25F5E70525F3E73CF703001CF7030027
:103A40007055002037B50D460190A9B1FFF73AFF38
:103A5000044698B1037A33B10198236929469847FF
:103A6000002003B030BDBDF80610FFF71CFF03783F
:103A70009B07F1D40820F4E70E20F2E70520F0E7D9
:103A800013B50190FFF71EFF0446E0B1BDF8061024
:103A9000FFF709FF03789A0717D523F0020343F0D5
:103AA0000103037063690BB101989847084B1868CC
:103AB000FEF78CF820460023019A0121FFF7BCFE97
:103AC000002002B010BD0520FBE70820F9E700BF89
:103AD000705500201F4B204A2DE9F34107469A42BA
:103AE00002D102B0BDE8F0811988B9422DD0083367
:103AF000F5E723681B88BB4225D01C34A045F8D1CC
:103B0000EFE7A3695B5D9B0718D523685E8818689B
:103B1000636901902E44B6B21BB1ADF806600198FE
:103B20009847ADF806600023019A01212046FFF76F
:103B300083FEA269535D23F0030353550135E388E7
:103B40009D42DED3D9E70025F9E7044CDFF8108069
:103B5000D4E700BF1CF703003CF703002CF403007C
:103B600004F7030070B5114800F028F8104B1A78DC
:103B70002AB100224FF6FE701A70FFF7ABFF0D4C12
:103B80000D4D4FF6FE76A54200D170BDA378022BF5
:103B900009D12388B34206D0606800F05FF810B9FD
:103BA0002088FFF797FF0834EDE700BFFD380300DA
:103BB0007C5500201CF703003CF70300F8B50546D0
:103BC00010B9784607F084F9084E094F002433688D
:103BD000A34200D8F8BD3B6803EBC4039A781AB13E
:103BE0002946586800F022F80134F0E7805500209B
:103BF0008455002007B54A684388D3804A68ADF8E9
:103C000006301288ADF8042030F8042B0B6802F15E
:103C10008042013A0146920001989847024B185C95
:103C200003B05DF804FB00BFA5EA030037B50D46FD
:103C3000044610B9784607F04BF915B9784607F0F5
:103C400047F96B46044A002104F10800CDE900540D
:103C5000FEF77EFE03B030BDF53B030043691A79E1
:103C60005979521A03EB02330269C0699B1A9842D0
:103C70008CBF002001207047094B834210B502D051
:103C8000784607F025F9074C236813B9784607F002
:103C90001FF9206800F083FA0023236010BD00BFE5
:103CA00088550020A0550020114B834270B50E4668
:103CB000154602D0784607F00BF90E4C23681B69B5
:103CC000AB4202D2784607F003F920682A46314613
:103CD000143009F081FE21680748FCF7EBFF002350
:103CE0002360064BBDE870401868FDF76FBF00BF4A
:103CF00088550020A0550020945500209C55002098
:103D0000F0B587B018220021684609F073FE03233E
:103D100012488DF80030FCF7E7FF114D0F4E0446B6
:103D200014B9012007B0F0BDE368277A0193FDF7CD
:103D3000EBF9E368024639462846FFF70BF921699B
:103D40006A4604F11400FEF751FA3046FCF7CCFF46
:103D50000746204600F023FA3C46E1E79455002050
:103D6000885500200F4B834270B50D4602D078462F
:103D700007F0AEF82B699B0610D50B4E34686CB972
:103D80006868143000F009FA306048B12B7803728B
:103D9000EB68C3606B680361204670BD0120FCE7DF
:103DA0000220FAE788550020A055002008B50748F2
:103DB000FDF7EEFE064B0749186020220648FFF784
:103DC000E3F80648BDE80840FCF76ABF013D030080
:103DD0009C550020A8EA0300885500209455002037
:103DE00013B50A4AA023C0F30740584313181C799F
:103DF0000C7012584A705B6F4FF47A7203F5FA73C5
:103E0000B3FBF2F34B8002B010BD00BFB0550020F1
:103E1000C0F30740054B0238A022C0B202FB0030BD
:103E200082B090F82C300B7002B07047B055002073
:103E300073B5A0220F4C0190C0F307467243151DC5
:103E400022442544127912B92846FAF7C9FE012EF8
:103E50001CBFA0235E434FF0140118BF0123284666
:103E60000CBFC4F8A060A35102B0BDE87040FAF7DF
:103E700095BF00BFB0550020F7B501904B78013BCE
:103E8000072B0D4624D84B88143BB3F5967F1FD8DB
:103E90009DF806600F4F0978A02474433A19043442
:103EA00012793C4471B112B92046FAF799FEA02369
:103EB00073436A78FA5020466988FAF76FFF00204A
:103EC00003B0F0BD002AF2D02046FAF7A1FEEEE7DB
:103ED0000720F5E7B055002082B0074B0190C0F3F2
:103EE00007400238A022C0B202FB0030002104309B
:103EF00002B0FAF776BF00BFB055002007B50190B9
:103F0000C0F30740064B09780238A022C0B202FB7A
:103F100000300430FAF765FF002003B05DF804FBC1
:103F2000B05500201FB5C0F30744019002A8FAF76E
:103F300071FF043C0548A023E4B203FB040002A97E
:103F40000430FAF70DFF04B010BD00BFB0550020DB
:103F500013B50190087810F0FC040DD19DF806000F
:103F6000064B0438A022C0B202FB00300430FAF73E
:103F7000F7FE204602B010BD0720FBE7B055002039
:103F800082B00B46C0F30741019004390548A022D6
:103F9000C9B202FB01016C310722184602B009F0D8
:103FA0001BBD00BFB05500200C4B834210B502D0A2
:103FB000784606F08DFF0A4C636813B9784606F020
:103FC00087FF084B20786168A02202FB0030043094
:103FD000FAF788FE0023636010BD00BFA4550020DF
:103FE000F0560020B0550020124B834270B50E46AB
:103FF000154602D0784606F06BFF0F4C636813B984
:10400000784606F065FF60682A2383746B1C43744E
:104010002A463146133009F0DFFC084B20786168EE
:10402000A02202FB00300430FAF732FE0023636066
:1040300070BD00BFA4550020F0560020B0550020F0
:10404000F8B5124B83420D4602D0784606F040FF89
:104050000F4C636813B1784606F03AFF28780D4F8D
:104060006968A02606FB007002310430FAF7D5FD1E
:10407000606048B1EB6803602B785E43BB59037105
:104080002B7823700020F8BD0220FCE7A455002007
:10409000F0560020B0550020044BC01A044B4011CC
:1040A00058430B46C1B20348FEF754BFB455002035
:1040B000CDCCCCCCA4550020012882B00AD8032353
:1040C00000F58070ADF80430ADF80600019802B03C
:1040D000FFF778BC072002B07047012882B00AD8E9
:1040E000032300F58070ADF80430ADF806000198A8
:1040F00002B0FFF7A7BC072002B070471FB5012828
:104100008DF807100ED800F581700323ADF80C3040
:10411000ADF80E000DF107010398FFF753FC05B051
:104120005DF804FB0720FAE770B5114C114A1249FB
:104130002546012645F8046B4FF480732846FAF7AC
:1041400083FE2846FAF74CFDA43444F8046C0B4A6D
:10415000002120468023FAF777FE2046FAF740FD3B
:10416000324607490748BDE87040FEF70DBF00BF63
:10417000B0550020FE56002099400300FE57002055
:10418000C0EA0300A4550020024AA02303FB00203C
:1041900000797047B0550020704709F0FFBB09F067
:1041A00005BC704708B50548FCF776FF044B0022B4
:1041B000DA811A821A8001221A7308BDF45800208D
:1041C0000C59002008B58379012B13D033B1022B91
:1041D00019D0784606F07CFE00200AE090F82120F5
:1041E000012393408288006810440A4A013B02FB85
:1041F000030008BD0268838890F821001344054A33
:1042000002FB0030F5E70268838890F82100134430
:10421000014AF5E7A0860100809698002DE9F04755
:104220003A4CDFF8F880DFF8F89000F10045013DE6
:104230000027A246A8EB000894F820308BB3204654
:10424000FFF7C0FF18EB000F064622D594F8223086
:10425000012B31D994F8213094F820209A4206D9C4
:1042600001332B4884F82130FDF748F8A080242240
:1042700002FB07A2002384F82230118C4FF6FF7254
:10428000914239D1266084F821302046FFF79AFF09
:10429000064694F8203023B1731B35EA230528BF66
:1042A00035460137082F04F12404C5D129461948A1
:1042B000BDE8F047FCF703BF99F83830002BD6D1A2
:1042C000E27F154802F10A034370D31C43721623A0
:1042D00083726FF01B03C3726FF001030373E11D60
:1042E0000D3009F079FB4846FBF758F90028B1D0AA
:1042F000784606F0EDFDADE794F8202094F8211003
:10430000914228BF84F82030BFE700BF2059002029
:10431000E4580020405A00207E58002018FCFFFF7F
:10432000A858002010B540F6F8731B68013303D17C
:104330000E4B1B68013317D00D4A11680023012072
:1043400021FA03F4E40707D500FA03F4C2F8804029
:10435000BFF34F8FBFF36F8F0133202BF0D10120BC
:10436000FCF7E2FC002010BD0F20FCE71410001049
:1043700000E100E030B5104B1C7BC4B1C8B11A7825
:1043800002705A7842701A46047352F8021FC0F83D
:1043900002105168C0F806101289D989428164223E
:1043A0004A431B8AB2FBF3F34373002030BD08205D
:1043B000FCE70E20FAE700BF0C59002038B50A4D83
:1043C0002B68044663B168B10120FCF7CDFA2046A2
:1043D0002B68984704460020FCF7C6FA204638BDF3
:1043E0000624FBE70E24F9E7786B0020F0B54FF0C8
:1043F00080538DB0D3F80C31414E03F500239B025E
:1044000053F8043C002B6DD040F6F8721268501C33
:1044100003D13C490968013164D04FF080504469B0
:104420000169614399425DD9511C04BF354A126844
:10443000934257D3344A35481360FCF793FF344B0B
:10444000344A9A600021C3E903115961324A334B5F
:104450006846C3E902211822C3E9041109F0CAFA27
:104460002F4B0293012540F6010368468DF8045056
:10447000ADF80C308DF80E50FFF7A0FF044678BB66
:10448000284F06A8FAF7C6FC06220DF11901F81C00
:1044900009F0A2FA9DF818203B7823492348089494
:1044A000520862F38613022262F303033B70204B2F
:1044B000ADF81C209962032183F8341083F824108E
:1044C000252159841B49186383F82040D962DF6194
:1044D00006A830238DF81830FFF770FF044638B176
:1044E000357302E001233373062420460DB0F0BD7E
:1044F000114B089A11491A60FCF788F9F0E700BFE0
:104500000C59002014100010786B0020E458002093
:10451000F45800208B4503001D420300405A002040
:104520001D4603007E580020D6BE898ECCEA0300CB
:10453000A8580020A3410300585A00204145030019
:1045400010B50C4686B010B1784606F0C1FC237851
:10455000022B0DD0032B10D0012B12D160238DF82C
:104560000030E36801936846FFF728FF06B010BDEE
:1045700061238DF800306368F4E762238DF8003022
:10458000F1E7784606F0A4FCEDE77FB503238DF84C
:104590000030684600238DF80430FFF70FFF07B0A6
:1045A0005DF804FB7FB518220021684609F022FA65
:1045B000012368468DF80030FFF700FF07B05DF873
:1045C00004FB000030B5144A8DB00A238DF800308A
:1045D0001346147B53F8021FCDF8061059681B8947
:1045E000ADF80E301388CDF80A100546ADF804304A
:1045F0008DF81000083CFFF7D5FD6846FBF762FC1C
:10460000012C00D92DB1FFF7CDFF10B1784606F08F
:104610005FFC0DB030BD00BF0C5900202DE9F04FFC
:104620000378242B8DB0054600F0C88043D8202B9A
:104630006CD00AD8012B00F0508158B2002869D004
:10464000022B00F0CA80062064E0222B00F0948048
:1046500000F1060361D90679A6488DF80460014689
:10466000012E14BF0922052201F8026B02730024F7
:104670001A68C0F80220C4815A6818894A60088103
:1046800009211B688DF80010ADF80E0069799A4D6C
:104690008DF805106846CDF80630CDF80A20FBF7F6
:1046A00011FC964BAB60FCF72FFD95490144284661
:1046B000FCF705FD2DE0602B00F0C88009D8502BD9
:1046C00000F0A480512B00F0B180252BBBD100203D
:1046D0001DE0702B00F0F680712B00F0FA80622B49
:1046E000B1D10379072B00F20081864903EBC302A5
:1046F00001EB820292F82020002A00F0F8802422A8
:1047000002FB0313002083F8200003E00079FFF789
:1047100059FF00200DB0BDE8F08F0D228DF800206C
:1047200042791968CDF80510022A59681B898DF85D
:104730000420CDF80910ADF80D300CD0042A0ED0AD
:10474000012AE6D1704B1B681B88ADF80F30684614
:10475000FBF7B8FBDDE76C4B1B685B88F5E76A4B42
:104760001B6853F8042FCDF80F205A68CDF813209A
:104770001B89ADF81730EAE70379022B09D0032B28
:104780007FF461AF08238DF8003083798DF8043011
:10479000DDE707238DF8003083798DF80430034678
:1047A00053F8072FCDF805205A681B89ADF80D3056
:1047B000437CCDF809208DF80F30C8E74D4B4E4CA7
:1047C000DA890132DA81C2881A824C4BA360FCF785
:1047D0009BFC4B49014420466AE70B238DF80030CF
:1047E0002B798DF804302B4653F8062FCDF8052091
:1047F0005A681B89ADF80D30EB6904932B6A059359
:104800006B79CDF809208DF81830A0E74368C3F321
:104810000B02002A65D10221019383688DF80010F4
:10482000694610460293FCF701F873E74068820777
:1048300057D1A9688B0754D1EB6813F0030252D10A
:1048400001248DF8004001900391E9E790F80E9063
:104850002C4F4FF0240B0BFB09FA07EB0A06002440
:1048600086F82040FCF750FC2B7BB371804686F81D
:10487000214086F82240B4802448FCF73FFD08F52B
:104880007A7818FA80F047F80A00AB68F377304678
:10489000D5E90112073009F09FF81D4A6B7B86F8B5
:1048A00020301378394633B157F80A3052689B1AD2
:1048B000A342BFF62EAF242303FB09F9144851F895
:1048C0000910F5E60C4C134BA360FCF71DFCA9681E
:1048D00080E70948FCF7E0FB1BE7784606F0F8FAAA
:1048E00017E7102016E7092014E7072012E7082031
:1048F00010E700BF0C590020F458002019490300AC
:104900000046C32320590020585A0020E4580020B4
:10491000405A00208B4503007FB5232368468DF85D
:104920000030FFF74BFD10B90620FFF74BFE07B034
:104930005DF804FB2DE9F0412E4B1B7B86B004464D
:104940000D46002B4DD000284DD002884FF6F8734D
:104950009A424AD9FBF7F0FF002848D123884FF646
:10496000FC72934227D166882EB3234A4FF0240C61
:10497000174692F8201071B30CFB0071B1F807E0F4
:104980009E4528D1B1F809E0B64524D1D1F80B8075
:10499000D4F804E0F0451ED192F822E0BEF1FF0FFA
:1049A00019D0EFF3108272B691F82230013381F8FA
:1049B000223002B962B618220021684609F01AF8BE
:1049C000022368468DF80030CDE90145FFF7F6FC7B
:1049D00006B0BDE8F0810130082802F12402C8D1F8
:1049E000E9E70820F4E70E20F2E71020F0E71120B5
:1049F000EEE700BF0C5900202059002010B40488B5
:104A00004FF6E4639C4205D1023902305DF8044B55
:104A1000FFF790BF5DF8044B704700002DE9F041AF
:104A20001F4C94F80C80B8F1010F86B007460E4673
:104A300032D199B392B320238DF800300B68CDF8B2
:104A400005304B688DF80400CDF8093068460B89B5
:104A5000ADF80D300492FFF7B1FC0546C0B93368DC
:104A6000C4F802307368C4F80630338963810323C5
:104A7000237384F800806770E0812082094C0A4B20
:104A8000A360FCF741FB094901442046FCF717FBF2
:104A9000284606B0BDE8F0810825F9E70E25F7E7BE
:104AA0000C590020F4580020194903000046C32384
:104AB000F0B51E4C237B87B007460D468BB391B3F0
:104AC00021238DF800300B68CDF805304B68CDF808
:104AD00009300B898DF80400ADF80D3068460023CD
:104AE0000493FFF76BFC0646C0B90223E21823705B
:104AF0002B68C4F802306B6853602B89138108233C
:104B000023736770E0812082094C0A4BA360FCF795
:104B1000FBFA094901442046FCF7D1FA304607B0B8
:104B2000F0BD0826FAE70E26F8E700BF0C59002072
:104B3000F4580020194903000046C32310B5094B5F
:104B40001B7B86B063B1232368468DF80030FFF7E6
:104B500035FC044608B9FFF725FB204606B010BD1A
:104B60000824FAE70C5900207FB50A4B1B7B63B180
:104B700069B125238DF8040068468DF80030029154
:104B8000FFF71CFC07B05DF804FB0820FAE70E20D5
:104B9000F8E700BF0C5900207FB5084B1B7B53B1D1
:104BA00024238DF8040068468DF80030FFF706FCDA
:104BB00007B05DF804FB0820FAE700BF0C5900209D
:104BC00000790B79C31A58425841704710B5431EFB
:104BD00000F11002073013F8011F12F8014D1C708C
:104BE00083421170F7D110BD4A0901F01F034FF045
:104BF000FF31994050F82230194009D04B420B4008
:104C000004495943C90E044B585C00EB42107047ED
:104C10000320704731B57C07CFEA030038B5049D07
:104C200088B181B17AB173B16DB190F80B4164B9BB
:104C3000C0E90351426119460B2200F20D1008F041
:104C4000CBFE204638BD0E20FCE70820FAE7000026
:104C500038B50D46044650B149B1064AFDF720FE6D
:104C600020B92C612A7963681343636038BD0E2034
:104C7000FCE700BFC14B030000F0F4BA38B50546AD
:104C800078B190F80B31012B0DD104681CB985F86F
:104C90000B41204638BDA36820469B68984724688E
:104CA000F4E70E20F6E70820F4E72DE9F7430F4676
:104CB000904601930446A0B190F80B21012A12D826
:104CC0001BB1416833EA01010FD007252EE02A7994
:104CD0009A421FD02D6818E0711C02290BD90025BB
:104CE00024E00E2522E0082520E04FF0010980F89D
:104CF0000B9180F8099101A8FFF776FF032806467B
:104D0000EDD009FA06F32568DBB2002DDFD1784635
:104D100006F0DEF8294643463A46204600F0A4FE57
:104D200005460028D8D02046FFF7A8FF284603B044
:104D3000BDE8F0832DE9F0410E4617461D469DF86B
:104D400018800446F0B1E9B1E3B11B8AB3F5805F86
:104D500002D30B20BDE8F081E88AFBF73DFE012875
:104D6000F7D1206848B9A06070B12B463A46314669
:104D70002046BDE8F04101F0ABB803794345F2D0DD
:104D80000068EFE70E20E5E70620E3E710B490F8AF
:104D900009411CB95DF8044B01F0BEB808205DF86C
:104DA000044B7047F8B50E461546044600286FD0F0
:104DB00000296DD0102A6DD890F80631934269D140
:104DC00090F80C31012B0DD1C53008F005FE94F898
:104DD00009312A4631462046002B55D1BDE8F8401E
:104DE00001F0D9B890F80921DAB9022B21D190F855
:104DF0000731032B1DD82946304600F051FBC0B1C6
:104E000004F1C50704223146384608F0E5FD0C22BE
:104E1000002104F1C90008F0EDFD3846FFF7D6FE89
:104E2000D5E7012A05D1032B03D190F80731022BD6
:104E3000E0E794F80931EBB994F80C31022B01D07A
:104E40000820F8BD94F80731042BF9D129463046E3
:104E500000F016FB0028F3D004F1C5072A463146BE
:104E6000384608F0B9FD05F1C500C5F11002002172
:104E70002044D0E7012BE3D194F80C31032BDFD190
:104E800094F80731032BE0E7BDE8F84000F004BEDA
:104E90000E20D6E70920D4E790F809310BB901F0CC
:104EA00083B800F01DBE08B518B100F027F9002046
:104EB00008BD0E20FCE700F02DB970B5044616467B
:104EC0000D4611B9784606F003F814B9784605F096
:104ED000FFFFA3683246294620461B68BDE87040A4
:104EE0001847000048B10378092B05D8034AD05C65
:104EF000431A58425841704700207047EFEA0300B8
:104F000013B5002304468DF8051010460DF1050178
:104F100001228DF8043008F05FFD022201A920462D
:104F2000FFF7CBFF02B010BD38B505460C46501C4C
:104F300001310B2208F050FD214628460C22BDE825
:104F40003840FFF7BABF38B505460C4602F10C00F1
:104F50000131052208F040FD214628460622BDE821
:104F60003840FFF7AABF10B592B003230446402291
:104F70000DF105008DF8043008F02EFD412201A945
:104F80002046FFF79AFF12B010BD07B50423012297
:104F90000DEB03018DF80430FFF78FFF03B05DF8D0
:104FA00004FB10B5052386B0044610220DEB030068
:104FB0008DF8043008F010FD112201A92046FFF7FA
:104FC0007CFF06B010BD10B586B006230446102243
:104FD0000DF105008DF8043008F0FEFC112201A946
:104FE0002046FFF76AFF06B010BD07B5082301226F
:104FF00001A98DF80430FFF760FF03B05DF804FBF2
:1050000007B509238DF80510022201A98DF8043097
:10501000FFF753FF03B05DF804FB2222FFF74DBFFB
:1050200070B506468AB014460D4609B3084608F026
:10503000A9FD6A4681B22846FCF759FF0422694659
:105040000DF1220008F0C8FC162564BAADF8204026
:10505000FAF7E2FE102201460DEB020008F0BCFC5C
:105060002B4604AA00213046FDF735FE0AB070BD7C
:105070001225EAE7F0B50F4689B01446064610B986
:10508000784605F025FF14B9784605F021FF07F0B2
:10509000FB03122B25D1184D2A6812B320220021C0
:1050A000684608F0A7FC1022314601A8079408F0D2
:1050B00093FC23785A1E534253410021162F8DF83A
:1050C00014308DF800100ED10123042206F11201D4
:1050D0000DF116008DF8153008F07EFC2B6868463F
:1050E000984709B0F0BD04220DF116008DF8151097
:1050F00008F080FCF2E700BF5C5A002010B50446BF
:1051000010B9784605F0E4FE014B1C6010BD00BFED
:105110005C5A0020014B00221A6070475C5A002044
:105120000A78034B82B000201A7002B0704700BFAB
:10513000615A0020024B1B780B7082B002B070479E
:10514000615A0020024B82B000221A7002B07047F0
:10515000615A002073B505460A4E68460C46FCF7B6
:10516000DFF8002324219C4201D802B070BD1DF855
:105170000300B0FBF1F201FB1202D2B2B25CEA54BE
:105180000133F0E7FEEA030037B50D46042104467B
:105190000DEB0100FCF7C4F8094B019953F82520E9
:1051A000B1FBF2F302FB131304221BBA0DEB020155
:1051B00004F10C00019308F00FFC03B030BD00BFF8
:1051C00024EB03002DE9F0410446ACB00F469046B5
:1051D00000F1F501112207A81E4608F0FDFB94F826
:1051E000093104F11805402293BB21690DF12D000E
:1051F00008F0F2FB402229460DF16D0008F0ECFBAF
:105200003A4607A89121FCF772FE03AD04233A4603
:10521000009304F15800124B01952021FCF77DFE0C
:1052200030461021FCF77CF83146102207A808F020
:10523000D3FB04F1C50110220BA808F0CDFB4346B7
:10524000202207A92846FCF7EEFD2CB0BDE8F0812E
:1052500029460DF12D0008F0BFFB40222169CBE764
:105260005EEB030038B504460D46F5F7B7FB29465B
:1052700002462046F5F7B6FB012814BF03200020A4
:1052800038BD00002DE9F043044697B089469046AA
:1052900000F1D50110220AA81F4608F09DFB94F8E2
:1052A000093104F1B50604F1A505102293BB294686
:1052B0000EA808F091FB1022314612A808F08CFBD2
:1052C0005834042502AA0AA83021FCF710FE02AACD
:1052D0002046CDF804900095124B2021FCF71DFECE
:1052E00006ABCDE9005302AA0F4B20462021FCF764
:1052F00014FE0DF11B010D22404608F06DFBCDE9B7
:1053000000570A4B02AA20212046FCF706FE17B0E0
:10531000BDE8F08331460EA808F05EFB1022294656
:10532000CBE700BF63EB030068EB03006DEB03000A
:1053300010B50446F5F752FB01462046F5F732FC5E
:10534000003018BF012010BD70B500F118040546EB
:1053500020460E46FFF7ECFF6D69F5F73FFB32463E
:10536000034629462046F5F77DFB00280CBF0320A5
:10537000002070BD37B590F80631013B072B04467D
:105380000D4602D9784605F0A3FD102200212846DB
:1053900008F030FB94F80C31022B03D0032B16D00D
:1053A00003B030BD94F80731042BF9D8DFE803F0DF
:1053B0001E1E1E03090094F806112846FFF7E4FE9E
:1053C000EEE794F806112846FFF7C4FEE8E794F8E4
:1053D0000731032BE4D801A252F823F0ED53030068
:1053E000ED530300B7530300C353030001210DF134
:1053F000070094F80641FBF793FF9DF80720B2FBE6
:10540000F4F304FB13230133EB73C9E770B590F891
:10541000093192B0044600F1B5053BB302AE042356
:10542000009304F1D502154B0196202104F1580098
:10543000FCF773FD102229460AA808F0CDFA1022C5
:1054400004F1C5010EA808F0C7FA06AB20220AA98C
:105450003046FCF7E8FC102204F1E50106A808F04C
:10546000ADFAB0FA80F0400912B070BD10222946A2
:10547000A53008F0A3FA0028D0D1F5E75EEB0300D1
:105480000144884201D10120704710F8013BA3F18B
:105490003002092AF5D9413B192BF2D90020704777
:1054A00013B504220C4601460DEB020008F094FAF5
:1054B000044B53F82400019B984294BF0020012024
:1054C00002B010BD24EB030007B5054B8DF80700B3
:1054D0000DF107011868FEF775FA03B05DF804FBDB
:1054E000FAEA0300024B01461868FEF7ABBA00BFA8
:1054F000FAEA030007B50DF10700FFF7F3FF10B15B
:10550000784605F0E5FC9DF8070003B05DF804FB64
:105510000A4B5B5C60B923F0800342F040018B4290
:1055200004D0092A14BF00200120704701207047D1
:1055300023F0400342F080008342F3E748EB03008E
:1055400000B589B00A238DF8003000F1780302938A
:1055500000F58C7301900393C3686846984709B0BF
:105560005DF804FB70B505692C68A86088B0064634
:105570005CB9022385F80B3101238DF800300195C9
:10558000EB686846984708B070BDB44203D0A36882
:1055900020469B6898472468EAE730B5046994F888
:1055A0000B31122B89B00D4603D111B92046FFF7FC
:1055B000C7FF002384F80B3102238DF800300194DB
:1055C0008DF80850E3686846984709B030BD30B59B
:1055D00090F80C3189B00446032B35D8DFE803F08E
:1055E0002B25140206238DF80030B0F80631019007
:1055F0005BBAADF808300B2384F80B316846E368DA
:105600009847002009B030BD00F1C5052946FFF7D5
:10561000B1FE05238DF80030B4F8063101945BBA71
:10562000ADF8083003950F23E6E707238DF8003027
:1056300001900C23E0E710220021C53008F0DAF9D0
:105640000F2384F80B31DCE70320DBE730B5044699
:1056500089B080680D46FFF7D3FC20B1A06883684D
:1056600002211B69984794F80B31152B0DD00C23A0
:105670008DF80030152384F80B3101948DF8085013
:1056800084F80A51E3686846984709B030BD10B500
:1056900088B00446FFF72EFF80B10B238DF8003051
:1056A0006369039304F1180302930A2384F80B310E
:1056B0000194E3686846984708B010BD04F15801AA
:1056C0002046FFF741FE48B92046FFF780FF00283B
:1056D000F2D005212046FFF7B9FFEDE70221F9E7F7
:1056E00010B5046994F80B31023B102B0DD8DFE89C
:1056F00003F0090C0C0C0C0C0D0C0C120C140C14FB
:105700000C161800052384F80B3110BD2046BDE8A7
:105710001040FFF7BCBF0F23F5E71123F3E7122377
:10572000F1E72046FFF70CFF1423ECE770B50D46B8
:1057300094B004690E7828461146FFF7D3FB08B1F0
:10574000092E04D901212046FFF780FFACE0324644
:1057500094F80B1194F80901FFF7DAFE08B9032158
:10576000F1E72B78072B00F27B81DFE813F00800CC
:1057700079014900A8007901C000EB00080101226D
:1057800004F1F506A918304608F026F903238DF830
:105790002C306B780C948DF83430E3680BA8984764
:1057A00001238DF8083094F80D318DF80930B4F8E4
:1057B0000E21130A43EA0223ADF80A3094F812319D
:1057C000B4F81021ADF80C208DF80E30B4F8132188
:1057D000130A43EA0223ADF80F3094F815318DF81F
:1057E0001130B4F81621130A43EA0223ADF812303F
:1057F000324602A9A068FFF797FB002854D093E037
:105800006B788BB9AB78012B0ED8EA78032A0BD8CA
:10581000012B03D194F81031012B05D1012A2B79EA
:1058200004D80BB96B797BB102218CE7022A3DD1F8
:10583000042BF9D86A79013A072AF5D8B4F813216C
:1058400042FA03F3DB07EFD5691C052204F20110CD
:1058500008F0C2F8AB78003318BF012384F8083190
:10586000EB7884F80C31012B14BF6B79102384F88A
:1058700006312B7984F8073104238DF82C300C94F1
:10588000E3680BA8984794F80831082584F80B5171
:1058900053B1202200210BA808F0ACF88DF82C5051
:1058A0000C94E3680BA8984714B070BD032BBBD8C9
:1058B0006A79013A072AB7D8B4F81621C0E701354A
:1058C0002846FFF735FD0028AED04022294604F1D6
:1058D000180008F081F894F8083123B92169A0680C
:1058E000FFF741FB89E72046FFF7D1FEDCE794F89C
:1058F0000B310F2B1AD11022691C04F1E50008F0BE
:105900006BF804F1D501204604F1A5030BAAFFF7BB
:1059100059FC0BA9A068FFF744FB0028C4D0042859
:1059200002D0784605F0D4FA05210CE70C2BBBD148
:105930001022691C04F1E50008F04EF80D2384F8EC
:105940000B31B1E71022691C04F1B50008F044F8EE
:105950002046FFF75BFD08B90421F4E604F1A50138
:10596000A068FFF730FB0028DED104F1780304F1D2
:10597000980204F188012046FFF784FC94E704F1C3
:1059800088030B9304F198030C936B1C0D9319235C
:10599000ADF83830082200230DF109061A350DF153
:1059A00007010BA80F93ADF840308DF80730119622
:1059B00012958DF84C20FCF73AFA9DF80730002B31
:1059C0003FD01022314604F58C7008F005F8079B93
:1059D00094F830111BBAC4F82A31BDF82030180AE7
:1059E00040EA032080B2A4F82E01BDF81920130A62
:1059F00043EA02239BB2A4F828319DF81B20C2F38E
:105A0000400262F3000184F830119DF81B20C9B2F6
:105A1000C2F3000262F34101B3F5805F84F83011F4
:105A2000BFF402AFFAF7D8FF01287FF4FDAEB4F857
:105A30002E0194F80D51FAF7CFFF012803D0082169
:105A400081E606217FE6B4F82E010138284480B2B1
:105A5000FAF7C2FF0128F2D1A068FFF7C6FACCE638
:105A6000784605F035FA1FE730B40C4611461A4661
:105A700090F80B31012B08D8054BE360A3685D68F3
:105A8000044B2046AC4630BC6047082030BC704711
:105A900074EB0300008793031FB590F80B31A3F15B
:105AA0000B02022A044619D80B2B04D18068FFF799
:105AB0006CFA04B010BD0D2B0BD100F1A50300F161
:105AC000D5016A46FFF77EFB6946A068FFF769FAD1
:105AD000EFE70F2380F80B310020EAE70820E8E722
:105AE00010B590F80B210A2A044609D151B12022A1
:105AF000583007F071FF2046BDE81040FFF767BD42
:105B0000082010BD0E20FCE700B5036993F80B21B7
:105B100089B05AB1002283F80B21022201938DF83B
:105B200000208DF80810DB686846984709B05DF8DA
:105B300004FB10B5046994F80B31012B88B010D127
:105B40008DF8003068460194E368984704F1F50247
:105B500094F83111A068FFF7D3F920B9032384F832
:105B60000B3108B010BDA068836802211B699847FB
:105B7000F7E71FB5044600F1D50100F1A5036A4619
:105B8000FFF720FB6946A068FFF70BFA10B90F2357
:105B900084F80B3104B010BD30B590F80C3189B0E9
:105BA0000446032B35D8DFE803F02B251A0200F159
:105BB000C5052946FFF7DEFB05238DF80030B4F854
:105BC000063101945BBAADF808300395102384F8D0
:105BD0000B316846E3689847002009B030BD0623C2
:105BE0008DF80030B0F8063101905BBAADF808309E
:105BF0000B23ECE707238DF8003001900C23E6E738
:105C000010220021C53007F0F5FE2046FFF7B1FF56
:105C1000E3E70320E1E710B588B00446FFF76AFC2C
:105C200088B10A2384F80B310B238DF800306369A7
:105C3000039304F11803029368460194E3689847BC
:105C4000002008B010BD04F158012046FFF77CFB8E
:105C50000028F6D12046FFF79FFFF2E710B5046950
:105C600094F80B31062B88B01DD194F808315BB144
:105C700008238DF80030092384F80B310194E36880
:105C80006846984708B010BD2169A068FFF76BF916
:105C900018B9082384F80B31F4E7A068836802215F
:105CA0001B699847EEE7072BECD12046FFF7B3FFBF
:105CB000E8E70000F0B50D46A3B004690E78284669
:105CC0001146FFF70FF908B1092E04D9A0688368BF
:105CD00002211B69EFE0324694F80B1194F8090198
:105CE000FFF716FC0028F1D02B78013B082BEDD8EC
:105CF00001A252F823F000BF1D5D0300CD5C03003C
:105D0000855D0300A95D0300B15D0300D35D030061
:105D1000CD5C0300955E0300BB5E03000B22691C93
:105D200004F1F60007F058FE042384F80B31092330
:105D30008DF864306B788DF86C301A946A88130A89
:105D400043EA0223ADF86D302B798DF86F306B7913
:105D50008DF87030AB798DF87130B5F80720130AE3
:105D600043EA0223ADF872306B7A8DF874306A8999
:105D7000130A43EA0223ADF87530E36819A898477F
:105D800023B0F0BD01352846FFF7D2FA00289DD098
:105D90004022294604F1180007F01EFE2046FFF7B6
:105DA0003AFF0028ECD091E72046FFF7E2FEF8E743
:105DB000691C102204F1E50007F00EFE04F1A501B4
:105DC000A068FFF700F9002880D1112384F80B3177
:105DD000D6E71022691C04F1B50007F0FDFD20464E
:105DE000FFF714FB00283FF471AF01AD05AE04F1DD
:105DF00078032A463146204609AFFFF743FA0723C6
:105E0000102204F58C7138468DF8403007F0E4FD1F
:105E1000D4F82A31B4F82E211BBACDF83730130A42
:105E200043EA0223B4F82821ADF83B30130A43EAD1
:105E3000022394F83021ADF834309DF836301B97AA
:105E4000C2F3400161F30003C2F3000262F34103B5
:105E50006FF387038DF836301923ADF870300DF1EC
:105E600041031F930DF15A03209300231D93ADF8B6
:105E7000783019A80823CDE919658DF88430FBF72F
:105E8000D4FF10A9A068FFF7C8F800287FF41EAF60
:105E900013239BE70A238DF8643004F178031B93E6
:105EA00004F58C731A941C93E36819A89847A068AA
:105EB00083681B690021984762E70C238DF86430E2
:105EC0006B781A948DF86C30E36819A89847FDE652
:105ED00070B5044690F80B010E46B8B9A5680C4998
:105EE000E960194684F8090184F8312104F58C70C1
:105EF000192207F071FDAB68064ADB683146284677
:105F0000984710B9012384F80B3170BD0820FCE7D5
:105F100084EB03000087930337B5044690F80B0128
:105F2000042836D1012907D0102B01D813B919B193
:105F300009202CE00029FBD094F8100184F80C1102
:105F4000012908BF102300F0010088BF8DF804204C
:105F500084F8072184F8063184F8080198BF0023EB
:105F60004FF002058DF802008DF8031004F1F502E0
:105F70006946A06894BFADF804308DF80530ADF8DF
:105F80000050FEF7E0FF10B9062384F80B3103B090
:105F900030BD0820FBE790F80B310B3B012B01D8FB
:105FA000FFF7E7BD0820704710B590F80B210A2ACB
:105FB000044609D151B12022583007F00DFD20468A
:105FC000BDE81040FFF7E8BD082010BD0E20FCE73B
:105FD000D1F8B83108461B69012100F5D87018477F
:105FE000EFF3108272B6044B1968C0F8C411186040
:105FF00002B962B6704700BF645A0020F8B5114D6F
:106000002B68064613B9784604F062FFEFF3108759
:1060100072B62C68B4420BD1D6F8C4312B6007B9E4
:1060200062B6F8BD13B9784604F052FFD4F8C44103
:10603000D4F8C431B342F5D1D6F8C431C4F8C43170
:10604000EDE700BF645A002010B5044610B9784649
:1060500004F03EFFA4F5D87494F8A130012B09D1C7
:106060002046FFF7CBFF2046F8F7C5FE002084F856
:10607000A10010BD0820FCE72DE9F0418846911CE5
:10608000064615461F46F8F7C8FD044600B36B1CCC
:106090004374292383742A464146133007F09CFC3D
:1060A0002771EFF3108772B6D6F8A85101356B1C33
:1060B000C6F8A85102D1784604F00AFF07B962B6C3
:1060C000304625602146F8F7E3FD0020BDE8F08169
:1060D0000420FBE700B5D0F89C3089B01BBA0093D0
:1060E0004FF43063ADF804308DF806100623072214
:1060F0006946FFF7C1FF09B05DF804FB00B5D0F8B1
:106100009C3089B01BBA00938DF80410012306223D
:1061100069468DF80530FFF7AFFF09B05DF804FB65
:1061200000B5D0F89C3089B01BBA00934FF4E063FF
:10613000ADF80430062201236946FFF79DFF09B040
:106140005DF804FB2DE9F04390F8E030022B89B0B4
:10615000044602D0784604F0BBFE94F8E330002BEE
:1061600042D194F8A130032B02D0784604F0B0FE5F
:1061700094F8E030022B02D0784604F0A9FED4F85F
:106180009C2094F8E13012BA009294F8A3208DF884
:1061900004209DF8052002F0FC02142B03F10201FB
:1061A0004FF01700B1FBF0F161F387021D468DF847
:1061B000052028BF142594F8E2208DF808201B0242
:1061C0002A4604F1E4010DF10900ADF8063007F0AC
:1061D00003FC012305F1090269462046FFF74CFF45
:1061E000B8B9012384F8E33094F8E3707D1E05EB21
:1061F0004503C5EBC305ADB24FF017084FF00209D8
:1062000094F8E160B31CB3FBF8F30133DBB2BB429B
:1062100002D809B0BDE8F083D4F89C3005F1140130
:1062200089B21BBA761A009394F8A3308DF8043023
:10623000B6B29DF80530172E28BF172669F3010363
:10624000E43167F38703324621440DF106008DF8EF
:10625000053007F0C1FB0123B21D69462046FFF758
:106260000BFF1735ADB20028D3D194F8E3300133DA
:1062700084F8E3300137C3E770B590F8A130023BF2
:10628000022B04460D4602D9784604F021FE204632
:10629000FFF7B4FE94F8A030012B02D0784604F04A
:1062A00017FE2046F8F7A7FD002384F8E030A4F895
:1062B000A03004F1C000FAF7EFFED4F8BC31294653
:1062C00004F5D870DB68BDE87040184738B50D4656
:1062D000044610B9784604F0FBFD022D02D9784639
:1062E00004F0F6FDA4F5D87494F8A13013F0FB0F78
:1062F00016D0023B012B02D9784604F0E9FD94F850
:10630000A130022B02D12046F8F775FD2946204620
:10631000FFF7E0FE28B9042384F8A13084F8A450E4
:1063200038BD29462046BDE83840FFF7A5BF10B567
:106330000446FAF7E9FED4F8DC10014404F1C00089
:10634000BDE81040FAF7BBBE38B591F8A130032B79
:1063500005460C4624D191F8E030022B20D1D1F82B
:10636000D8301B1A002B13DA01212046FFF7B2FEAA
:1063700040B9042384F8A130012384F8A430C4F880
:10638000B40038BD084BC4F8B430C4F8D850F8E7AE
:10639000002381F8E3300846BDE83840FFF7D2BE5D
:1063A0000023C4F8B430ECE740420F000023C0F8EB
:1063B000CC3080F8E03080F8A130A0F8A230C0F8EE
:1063C000A83190F8A030C0F8DC10012B024612D0A2
:1063D000012380F8A030084BC0F8B030074BC2F85A
:1063E000B8000749C0F8C830C2F8D000802300F5D3
:1063F0009472F8F729BD704749630300D15F030029
:1064000035650300F0B50F4689B01646054610B94C
:10641000784604F05DFDA5F5D87494F8A030012B02
:1064200003D194F8A130002B3CD131462046A5F58C
:106430008A76FFF7BBFF30460421FAF771FF00238D
:1064400084F8A330802384F8A23033681BBA009309
:1064500010224FF4407339460DF10600ADF80430B8
:1064600007F0BAFAFF23162269462046FFF704FE1A
:106470000646A0B9FAF748FE0B490144A5F1F00021
:10648000FAF71DFE3C212046F8F788FC2046F8F775
:10649000A7FB2046FFF7A4FD022384F8A130304675
:1064A00009B0F0BD0826FAE700879303F8B50D465A
:1064B00016461F46044610B9784604F009FDA4F5B7
:1064C000D87494F8A030012B02D194F8A13073BB9A
:1064D00039462046FFF76AFF0023802284F8A32074
:1064E0002946C4F89C3084F8A23032462046FEF794
:1064F00097FD054610B9784604F0EAFCFF232B719E
:106500004FF0FF332B604FF4FA612046F8F746FC5A
:1065100029462046F8F7BCFB2046F8F761FB2046E9
:10652000FFF75EFD012384F8A1300020F8BD0820AC
:10653000FCE70000D0F8A8318B4206D1012380F897
:10654000AC31024B1868FBF741BB7047782E002036
:1065500038B5124B1C6800250CB9012038BD94F8E1
:10656000AC3193B194F8A12084F8AC51042A94F88A
:10657000E0300DD1022B03D104F1A800FAF78CFD15
:1065800094F8A4102046FFF777FED4F8C441E3E75F
:10659000022BFAD12046FFF7D5FDF6E7645A00201A
:1065A00030B5064C0022FF23914202DCD843C0B232
:1065B00030BD855C6B400132E35CF5E794EB030092
:1065C0002DE9F0410B78012B92B005460C4602D024
:1065D000784604F07DFC261D61783046FFF7E0FF29
:1065E000A378834226D195F8A21028460027FFF70A
:1065F00085FDE77095F8A220531C03F07F0322F07D
:106600007F02134385F8A23094F801803146424658
:1066100001A807F0E1F928462770FFF788FED5F8B2
:10662000BC3142461B6801A905F5D870984712B0E5
:10663000BDE8F08100232370F9E700002DE9F04167
:106640000E461446054610B9784604F041FC14B9CC
:10665000784604F03DFC2B681BBAEFF3108272B64B
:10666000A74F3C685CB902B962B66B7903F00302CC
:10667000032A00F2CB80DFE802F0095888CBD4F877
:106680009C108B42EFD0D4F8C441EBE7002C00F013
:10669000BD8094F8A130032B40F0B88094F8E0302E
:1066A000BBBB297994F8A230994240F0AE80EB88C8
:1066B0001B0A84F8E13017220233B3FBF2F30133F3
:1066C000DBB2072B06D904F5D8700221BDE8F041F2
:1066D000FFF7FCBD2B7A84F8E230093E0123142E2B
:1066E00084F8E03084F8E33000F29080324605F11F
:1066F000090104F1E40007F06FF994F8E1309E42DB
:1067000040F0848004F1E0012046BDE8F041FFF74D
:1067100057BF022B7AD1297994F8A2308B4275D9D0
:106720002046BDE8F041FFF7E9BC002C6ED094F89C
:10673000A130032B6AD194F8E030022B66D12A797C
:1067400094F8A3309A4261D1002504F1A800C4F85E
:10675000B450FAF7A1FC2046F8F74DFB94F8A320BB
:1067600084F8E050531C03F07F0322F07F021343B0
:1067700084F8A3302046FFF7DAFDD4F8BC315B681B
:1067800004F5D870BDE8F0411847002C3ED094F8CD
:10679000A120032A3AD194F8E070297994F8A22034
:1067A000012F31D1914231D194F8E3209B081A4155
:1067B000D2072BD4B21F172A28D8013B4FF0170855
:1067C00008FB03F303F11401114441291ED8F833E7
:1067D000E018A91D07F000F96B7994F8E3209B08F5
:1067E00007FA03F3134394F8E1200232B2FBF8F8FE
:1067F00008F10108DBB25FFA88F884F8E33007FAA1
:1068000008F70133BB427BE7914289D3BDE8F081B1
:10681000C3F38503DAB2012A45D05BB2C3B1022AC1
:10682000F4D1002CF2D0072EF0D194F8A130023B25
:10683000012BEBD894F8E030022B03D104F1A8002F
:10684000FAF72AFCA9792046BDE8F041FFF714BD0C
:10685000162EDBD1F9F7E0FA10220146A81D07F049
:10686000ADF80028D2D184BBEFF3108372B63C6838
:106870001CB9002BCAD162B6C8E794F8A120012A3E
:1068800021D0D4F8C441F3E70023C4F89C30BDE71D
:10689000032BBBD194F8E030002BB7D12046BDE8E4
:1068A000F041FFF73DBC002CB0D0062EAED194F8DD
:1068B000A130022BAAD12046F8F79DFA14212046D8
:1068C000F8F76CFA12E003B962B694F8A130012B24
:1068D000DED12B681BBA2046C4F89C301421F8F78F
:1068E0005DFA2046FFF71CFC0028CDD1032384F875
:1068F000A1302046FFF71BFDD4F8BC319B683FE771
:10690000645A00202DE9F843A0F5D874804694F825
:10691000A130032B0F46164640D1412A40D810F82B
:10692000D05C002D3ED12046FFF701FDFAF7ECFBCD
:106930001723B11CB1FBF3F10131CBB2216F5943E5
:1069400001F5F411184B01F5906148F8FC1C8146E3
:106950000144C4F8B030A8F58470FAF7B0FB134BCB
:106960004B4448F8D83C022384F8E0303146C4F860
:10697000B84084F8E35084F8E1603846FFF710FE31
:10698000324684F8E2003946A8F1CC0007F024F83A
:106990002046FFF7D7FB2846BDE8F8830820FBE731
:1069A0000920F9E71120F7E74963030080C3C90113
:1069B00038B5044610B9784604F08AFA084D2B68B9
:1069C000013303D10748FBF7E3F82860012384F87B
:1069D000B431054BC4F8B83104F5D87038BD00BFE8
:1069E000782E00205165030094EC030038B505466D
:1069F00001F07AF998B900F065FB044668B901F036
:106A0000C5F8044648B900F05DFF05F0ADFD01F0A2
:106A1000BDFA15B1284600F0FFFD204638BD082418
:106A2000FBE701F0EBB830B5ADF53F7D7D23ADF868
:106A3000063004460DF1060241A94088F5F716FE1E
:106A4000054608B1092816D1BDF80620ADF8082082
:106A500041A952000DF10A0006F0BEFF28466478F5
:106A600001F00CF9FC2302AA0146204601F042F98C
:106A70000DF53F7D30BD647801F000F900231A4622
:106A8000F2E713B504460DF1060241684088F5F7B8
:106A9000C3FDBDF80630ADF804300146022301AA5B
:106AA000607801F07FF902B010BD13B5044601A96A
:106AB0004088F5F79BFD019B0093014604236A463D
:106AC000607801F06FF902B010BD13B5044601A95A
:106AD0004088F5F77FFD0123014601AA607801F0A7
:106AE00061F902B010BD13B5044601A94088F5F75D
:106AF00065FD0123014601AA607801F053F902B057
:106B000010BD13B504460DF106014088F5F74AFDA6
:106B1000BDF80630ADF804300146022301AA6078C2
:106B200001F040F902B010BD10B5044681884088DC
:106B3000F5F724FD647801F0A1F8002301461A4618
:106B40002046BDE8104001F0D5B813B5044601A9B0
:106B50004088F5F7FFFC0123014601AA607801F0A7
:106B600021F902B010BD10B5044601794088F5F74F
:106B7000D5FC647801F082F8002301461A462046CD
:106B8000BDE8104001F0B6B813B504460DF106019A
:106B90004088F5F781FCBDF80630ADF804300146B9
:106BA000022301AA607801F0FDF802B010BD10B513
:106BB000044681884088F5F755FC647801F05EF85A
:106BC000002301461A462046BDE8104001F092B865
:106BD00030B5ADF53F7D7D23ADF8063004460DF1AF
:106BE000060241A94088F5F70FFC054608B10928BF
:106BF00016D1BDF80620ADF8082041A952000DF1CC
:106C00000A0006F0E9FE2846647801F037F8FC2314
:106C100002AA0146204601F06DF80DF53F7D30BD1A
:106C2000647801F02BF800231A46F2E710B5044609
:106C300081884088F5F7C6FB647801F01FF80023CF
:106C400001461A462046BDE8104001F053B810B581
:106C5000044681884088F5F791FB647801F00EF8CE
:106C6000002301461A462046BDE8104001F042B814
:106C700030B5ADF53F7D7D23ADF8063004460DF10E
:106C8000060241A94088F5F73BFB054608B10928F3
:106C900016D1BDF80620ADF8082041A952000DF12B
:106CA0000A0006F099FE2846647800F0E7FFFC230E
:106CB00002AA0146204601F01DF80DF53F7D30BDCA
:106CC000647800F0DBFF00231A46F2E710B50446B3
:106CD00081884088F5F7E0FA647800F0CFFF002360
:106CE00001461A462046BDE8104001F003B810B531
:106CF000044681884088F5F79DFA647800F0BEFF6D
:106D0000002301461A462046BDE8104000F0F2BFBD
:106D100013B504460DF1050201A94088F5F77CF989
:106D20000223014601AA607801F03CF802B010BDD0
:106D300010B50446427901794088F5F70FFA647876
:106D400000F09CFF002301461A462046BDE8104093
:106D500000F0D0BF13B504460DF106014088F5F7E9
:106D60000DF9BDF80630ADF804300146022301AA42
:106D7000607801F017F802B010BD10B504468188A4
:106D80004088F5F7E1F8647800F078FF00230146C9
:106D90001A462046BDE8104000F0ACBF10B543785D
:106DA000F42B044602D9784604F092F820461522C6
:106DB0000249BDE8104001F00AB800BFA8EC03008A
:106DC00010B504464078452886B00FD842281DD219
:106DD00040281BD0412820D040381F2802D97846AF
:106DE00004F076F800231A46822139E053282ED089
:106DF0005428F1D12378012B12D1F9F70DF8102284
:106E0000014602A806F0E8FD10231EE000231A4602
:106E1000822100F06FFF06B010BD2378012B03D054
:106E200000231A468421F4E76846F7F7F3FF9DF83C
:106E300000300622C3F346030DF101010DF10900F4
:106E40008DF8083006F0C8FD072302AA07E0237872
:106E5000112BE5D1A01CF8F7B7FF00231A4600213B
:106E60006078D6E7064B984206D003F59A739842AD
:106E700004D10120C0B270470020FBE7FF2070471B
:106E8000185E002037B5037804460C2B73D8DFE872
:106E900013F00D003300420074007D00E300F700A2
:106EA000B600720052008600CB000C01844B1B78A8
:106EB000002B60D001A91A2000F076FE00285AD1DC
:106EC000019BC0225A70019D1022211DA81C06F0B2
:106ED00083FDE36993F90D30AB74237DEB74E369B3
:106EE0009B7BC3F346032B75E16906220F3105F145
:106EF000150006F071FD3BE001A9022000F054FEF0
:106F0000002838D1019BC1225A706068FFF7AAFFA0
:106F1000019B98702CE001A9032000F045FE50BBB6
:106F2000019BC2225A706068019AFFF79BFF907024
:106F3000237AD3701CE001A90B2000F035FED0B9F4
:106F4000019BC3225A706068019AFFF78BFF907013
:106F5000237AD370E37A1371237B5371637B93712C
:106F6000E389A2F80730237C5372B4F811305381BF
:106F7000019800F033FE03B030BD01A9032000F0FA
:106F800013FE0028F7D1019BC422CBE701A9022000
:106F900000F00AFE0028EED1019BCA22B4E701A945
:106FA0002C2000F001FE0028E5D1019BC5225A707B
:106FB0006068019DFFF756FFA870E368D3F81230B0
:106FC000C5F80330E368DB8AA5F80930E3681B8A5B
:106FD000A5F80730E3681B7EC3F30003EB72E36898
:106FE0001B7EC3F340032B731022A16805F10D0033
:106FF00006F0F2FC1022E16805F11D0079E701A915
:10700000052000F0D1FD01460028B4D1019BC62225
:107010005A706068019AFFF725FF0123D3709070C2
:10702000117110235371A3E701A9622000F0BCFD88
:107030000028A0D1019BC7225A706068019DFFF70C
:1070400011FFA8704022A168E81C06F0C5FC2022B0
:10705000E16805F143004CE701A9132000F0A4FD0D
:10706000002888D1019BC8225A706068019DFFF7F3
:10707000F9FEA870237AEB70627AE168281D38E780
:1070800001A9052000F090FD00287FF474AF019B5A
:10709000C6225A706068019AFFF7E4FE03239070DD
:1070A000D370237A1371637ABCE701A9032000F03F
:1070B0007BFD00287FF45FAF019BC92232E700BF50
:1070C000CB60002008B510491048FDF7D5FD10B180
:1070D000784603F0FDFE0E48FFF76AFC01460D48B6
:1070E000FDF7B6FD10B1784603F0F2FE0A48FFF74F
:1070F0005FFC01460948FDF7ABFD10B1784603F08F
:10710000E7FE002008BD00BFF85D00208B60002076
:10711000685A0020185E0020305C00204C5F002080
:1071200070B54378613B8AB00446092B7FD8DFE80D
:1071300013F00A0022002E0082007E009900B000A9
:10714000C900DE00EA007B4B1A7832B100231A46F0
:107150008321612000F0CEFD69E0012276481A709B
:10716000FDF7A1FE10B1784603F0B2FE00231A46E7
:1071700019466078EEE76F4A13781BB91A468321E7
:107180006220E7E700251570FDF795FEEEE78378AE
:10719000012B4ED81922002103A806F02BFC102247
:1071A00004F1130103A806F017FC022204F12301E5
:1071B00007A806F011FC042204F125010DF11E00C0
:1071C00006F00AFC022204F129010DF1220006F06A
:1071D00003FC94F82B209DF82430A078574D584993
:1071E00062F3000394F82C2062F341038DF82430FD
:1071F0004FF49A76504B0093524A534B06FB005083
:10720000FDF70CFD50B9A0780123009394F82D20D0
:1072100003ABE11C06FB0050FDF78CFDA3788DF855
:107220000C300146012303AA632000F0BBFD0AB025
:1072300070BD0B20F2E7404B0093424A424B40495D
:107240003E48FDF7EBFC28B90246014601233B48C6
:10725000FDF72BFD647800F011FD002301461A466E
:10726000204677E78578012D11D8C17843790279D6
:1072700032484FF49A7606FB0500FDF787FD01467C
:10728000A3788DF80C3003AA01236620CDE70B21EB
:10729000F6E78378012B13D80146284811F8032B11
:1072A0004FF49A75023AD2B205FB0300FDF77AFD5E
:1072B0000146A3788DF80C3003AA01236720B4E7B8
:1072C0000B21F6E78378012B0FD81C4AC11C4FF421
:1072D0009A7000FB0320FDF7DFFD0146A3788DF8CF
:1072E0000C3003AA012368209FE70B21F6E7811CDD
:1072F0002022144806F070FB402204F122011048BD
:1073000006F06AFB32E7104A83781370002393700B
:1073100001215170C178D17001791171017A117216
:10732000B0F80910A2F8091041795171C188D180D3
:107330001DE700BFCB600020856E0300185E0020B3
:107340008B600020F85D00208060002038B50B4D78
:107350002B788BB90A4C0B482146F8F735FF58B902
:1073600023681979084B01222A70C3F81C150749B4
:107370000A80C3F81C019A60012038BDEC6200202D
:1073800008650020F864002000200040CC60002048
:1073900070B5174C237813B9784603F099FD154D55
:1073A000296849B9144B0122DA602170134BBDE8FA
:1073B00070401868FAF70ABC114A08791388461C0D
:1073C000B3420BD101330F481380F8F75FFF0A4A2D
:1073D000002301212B60D1602370E7E7834206DCA4
:1073E000194401331380044B0979C3F81C1570BD8F
:1073F000EC6200200865002000200040D0600020E2
:10740000CC600020F864002008B54FF402721149E6
:107410001148F8F7DBFD114911484FF40272F8F7F3
:10742000D5FD1049104800F031FB10B1784603F04B
:107430004FFD012000F0A4FB0C4A0D4800231370FF
:107440000C4A13800C4A1380FAF7A2FB0B4B18600E
:1074500008BD00BFF0620020F8640020D660002064
:10746000E06200209173030021750300EC620020AC
:107470004D730300EE620020CC600020D06000203D
:1074800037B5421C04460D4692B201A90448F8F7EC
:1074900019FE18B9019B1A1D2A601C7103B030BD7A
:1074A000F864002038B5044610B9784603F010FDA2
:1074B000251FAB78012B02D0784603F009FD227816
:1074C00034F8043C9A4202D9784603F001FDFAF7F9
:1074D000EFFA074B1868FAF779FB34F8042C0548E3
:1074E0002946F8F740FEBDE83840FAF721BB00BF57
:1074F000D0600020F864002013B5044601A90320E1
:10750000FFF7BEFF48B9019A84235370019A947023
:10751000019AD3700198FFF7C5FF02B010BD0000BB
:107520002DE9F041294A1388074690461BB1013BDB
:107530001380BDE8F081264D2B8873BB254E34881F
:1075400004B9441C012C07D8013CA8F800400020D5
:10755000BDE8F041FFF7D0BF1F48F8F727FD844290
:10756000F2D8B4F5807FEFD8DFF870801A48224651
:107570004146F8F7A7FD28B134800020BDE8F0416E
:1075800000F0FEBA338843B12B88D8F80020308051
:107590001A44013C013314712B80104C2B88216854
:1075A000CA18013317710A799BB2013293422B80BA
:1075B000BFD1002BBDD00A8807480026F8F7D3FDBD
:1075C000266000F043FB2E80B3E700BFD4600020AC
:1075D0000C650020EE620020E062002004650020BF
:1075E00013B5044601A90B48F8F7EEFD78B90199E7
:1075F000204631F8042B06F0EFF901990548F8F719
:1076000045FE012000F0BCFA012002B010BD0020B0
:10761000FBE700BFE0620020014B1860704700BF2D
:107620001065002010B5094B1B6804465BB110F8CB
:10763000021B0139984700231A4619466078BDE8B5
:10764000104000F057BB1A468E21F7E71065002066
:1076500010B5042204460021054806F0CBF90023AA
:1076600060781A461946BDE8104000F043BB00BFE1
:107670005066002013B50422044600210DEB0200E1
:1076800006F0B8F9054B60781B68019304230DEBF5
:107690000302002100F02EFB02B010BD5066002056
:1076A00007B50A23ADF8043001AA0223002140786F
:1076B00000F020FB03B05DF804FB00231A46822192
:1076C000407800F017BBFFF7F8BF000037B58478AB
:1076D000054684BBD0F805101848F7F75FFB052274
:1076E0002146684606F086F929799DF8033022463E
:1076F00041FA02F0C00708D502AC581C234402F13D
:10770000250403F8084CC3B201240132032AEFD147
:107710000CB18DF8033009486946F7F7F2FA0020FA
:107720006C7800F0ABFA002301461A46204600F0C0
:10773000E1FA03B030BD0720F2E700BF1865002072
:1077400070B584780546BCB90D4E3378012B15D140
:10775000301DF7F750FBAA784FF49E735343204631
:10776000F4546C7800F08AFA002301461A46204649
:10777000BDE8704000F0BEBA0720F2E70820F0E74D
:10778000146500202DE9F041847805465CBB06783D
:10779000DFF85C80023E314608F10400F7F73DFA5D
:1077A000074610B3FF2303713246E91C113006F07F
:1077B00013F9A8784FF49E7606FB00800430394612
:1077C000F7F766FAAB785E43012308F806302046E7
:1077D0006C7800F053FA002301461A462046BDE8B3
:1077E000F04100F087BA0720F2E70420F0E700BF7D
:1077F0001465002010B504460120F9F795FA00231E
:1078000060781A468E21BDE8104000F073BA13B5B7
:10781000044601A9007800F0C7F960B9019B8222F3
:107820005A70019810F8022BA11C013A06F0D4F806
:10783000019800F0D3F902B010BD00002DE9F74324
:107840008578044645B100231A468521607800F00A
:1078500051FA03B0BDE8F083194E8DF800508DF851
:107860000250A6F178074FF0010897F87B30AB4241
:1078700010D87B6F4FF47A7203F5FA73B3FBF2F30F
:10788000CDF8033097F82C308DF801306A46072385
:107890000021DBE73378253B022BB14602D978463D
:1078A00003F016FB99F800309DF80220253B08FAFA
:1078B00003F3134301368DF802300135D5E700BFDD
:1078C0008C65002010B5064A141D20469C23A0326A
:1078D0000021F7F7B9FA2046BDE81040F7F780B964
:1078E0001465002010B543781F2B044602D9784652
:1078F00003F0EEFA20460B220249BDE8104000F0EA
:1079000066BA00BF50ED0300034A1368591C1CBF40
:1079100001331360704700BF5066002030B51C4D26
:10792000C1B00446FA22002101A806F063F86B6892
:1079300073B104220DEB0203981C294606F04CF8A3
:10794000BDF804002B69013080B2ADF804005BB9CA
:107950000021BDF8043060789B0002339BB201AA7D
:1079600000F020FA41B030BD3D280ED801AB03EB4A
:107970008000042205F10C01023006F02DF8BDF85C
:1079800004300133ADF80430E2E70C21E1E700BF39
:107990005466002038B50D4C636805460BB90020CD
:1079A00038BD0422214606F009F858B12369002B9E
:1079B000F5D0042204F10C01284605F0FFFF002851
:1079C000EDD101200C2303FB0040E9E754660020C1
:1079D00030B5C1B0054669464088F4F707FE044655
:1079E000D8B96846FFF7D6FFB0B183688DF8044078
:1079F00001A9A81C98479DF8043004466BB16C7827
:107A000000F03CF99DF804300146013301AA2046FC
:107A100000F070F941B030BD052420466D7800F0CB
:107A20002DF9002301461A462846F1E737B5851C93
:107A300004462846FFF7AEFF0023ADF8043080B1BE
:107A400043680DF1060128469847BDF80630ADF8A9
:107A500004300146022301AA607800F0A3F903B0C4
:107A600030BD0521F6E7000010B54378FF2B044632
:107A700002D1784603F02CFA204603220249BDE8E1
:107A8000104000F0A4B900BFA8ED030000283AD0D0
:107A9000002938D01D4B18601D4B19604FF0A043D2
:107AA0000C22C3F83C274FF40051C3F818270322D7
:107AB000C3F83427C3F80815C3F82027154B0D2247
:107AC000C3F80C250F22C3F814250622C3F810258D
:107AD0000822C3F8082501210F4AC3F86C15842039
:107AE000C3F824250422C3F80025C3F804030020AA
:107AF000C3F80801C3F81C011960084BC02183F8C2
:107B000002131A6070470E20704700BF7066002095
:107B1000746600200020004000E0D70100E100E092
:107B200070B5124D124E134C29783368002011B1F4
:107B3000D4F808216AB9D4F81C31ABB10023C4F8D9
:107B40001C31D4F81C310C4B1B686BB1BDE8704084
:107B50001847C4F80801D4F80821002BE7D0D4F85E
:107B60001805C0B29847DFE770BD00BF6C66002003
:107B7000706600200020004074660020FFF7D0BF30
:107B8000014B1870704700BF6C66002038B5054D7A
:107B90002C782CB9FFF738FC01232B70204638BD18
:107BA0000820FCE77966002010B50B4B1B78022BF0
:107BB00010D1FFF765FC0428044604D0092802D040
:107BC00020B9204610BDFFF79FFEFAE7784603F084
:107BD0007FF9F6E70824F4E77966002010B5064B34
:107BE0001B78022B044602D0784603F071F9204638
:107BF000BDE81040FFF756BC79660020F7B5124D7E
:107C00002F78012F1ED1022601A904202E70FFF724
:107C1000CBFF044618B12F70204603B0F0BD019B86
:107C200081225A70019B9E704FF08043019AD3F8D5
:107C3000003403F00803D3700198FE230371FFF7AB
:107C4000CDFFE9E70824E7E77966002038B5084C5E
:107C500025785DB9074B1B78022B07D101232946F4
:107C600005482370F9F70AFF00B1257038BD00BF41
:107C700078660020796600204D7D030009282CD00D
:107C80000CD8032825D004D800280CBF002083205E
:107C9000704707281BD01ED88E2070470E2818D09A
:107CA00009D80B281BD016D30C2816D00D280CBFD2
:107CB000932080207047102811D0EDD3112810D0C8
:107CC00043F2010398420CBF8E208020704785202C
:107CD0007047812070478320704784207047872039
:107CE0007047862070470000014B1878704700BF2E
:107CF00079660020F7B507460E461C461546EAB1E0
:107D0000F3B1114B1B78022B16D1E01C01A980B2F4
:107D1000FFF74AFF80B9019B84225A70019B9F7034
:107D2000019BDE702DB1019822462946043005F0F2
:107D300053FE0198FFF752FF03B0F0BD002BE0D0D7
:107D4000784603F0C5F8DCE77966002010B5134BE0
:107D50000022C0B01A706846FFF742FC08B940B074
:107D600010BD0F4B9DF80100002219461C7884427B
:107D700008D85C78844205D301EBC2026846536898
:107D80009847E8E70132092A03F10803EED10023FE
:107D90001A468221FFF7AEFFDDE700BF78660020BC
:107DA000C0ED030070B5044615461E46084649B9A5
:107DB000FFF764FF33462A4601462046BDE870407F
:107DC000FFF798BFFFF75AFF00231A46F4E770B495
:107DD000044640780023934203D100231A468221AF
:107DE00011E011F83360864201EBC30512D16B78C4
:107DF0002278934204D2A97801330B449A4205DDDC
:107E000000231A46842170BCFFF774BF6B682046BC
:107E100070BC18470133DEE713B50378073B04460F
:107E2000062B29D8DFE803F0334F5D7590042A0054
:107E300001A91620FFF7B8FEF0B9019BA5225A70E0
:107E4000019B22799A702346019853F8052FC0F8B8
:107E500003205A68C0F807201B89A0F80B3001984E
:107E600054F80F3FC0F80D306368C0F81130238913
:107E7000A0F81530FFF7B2FE02B010BD01A9162020
:107E8000FFF792FE0028F7D1019BA622D7E701A9B0
:107E90000D20FFF789FE0028EED1019BA0225A7029
:107EA000019B22799A702346019853F8052FC0F858
:107EB00003205A68C0F807201B89A0F80B300198EE
:107EC000E37B4373D6E701A90220FFF76DFE00288C
:107ED000D2D1019BA1225A70019B22799A700198FC
:107EE000C8E701A90D20FFF75FFE0028C4D1019B60
:107EF000A2225A70019B22799A70019B6279DA70F2
:107F0000019854F8063F4360636883602389838146
:107F1000B0E701A90E20FFF747FE0028ACD1019B76
:107F2000A3225A70019B22799A70019B6279DA70C0
:107F30002346019853F8062F42605A6882601B89D5
:107F40008381237C837395E701A91520FFF72CFE1D
:107F5000002891D1019BA4225A70019B22799A702A
:107F60002346019853F8052FC0F803205A68C0F83B
:107F700007201B89A0F80B3001982369C0F80D3049
:107F80006369C0F81130237E437573E70248034BE1
:107F90000360F8F76FBE00BF7C660020197E030007
:107FA00010B504464078A0F1D003062B8AB00BD858
:107FB0004A4A2178D25C914206D000231A46842195
:107FC000FFF798FE0AB010BD062B7AD8DFE803F061
:107FD000040D14191C414D00FCF7A4F96478FFF757
:107FE0004DFE00231A46014631E0D4F80D20A0785A
:107FF000E11CFCF713FDF1E7E11CA078FCF758FD4C
:10800000ECE7FCF79BFDE9E76946A078FCF7ACFDDF
:10801000647801460028E2D19DF800308DF81430D4
:10802000DDF80130CDF81530DDF80530CDF8193028
:10803000BDF80930ADF81D309DF80B308DF81F30BC
:10804000039B0893049B099314230DEB0302204622
:10805000B6E72378022B04D000231A468421D520CA
:10806000AEE7A078FCF798FDB8E72378012B04D0A1
:1080700000231A468421D620A2E700210A220DF10E
:10808000020005F0B7FC6846FCF774F96478014615
:108090000028A4D1BDF80030ADF81430DDF802306E
:1080A000CDF81630DDF80630CDF81A30BDF80A30BC
:1080B000ADF81E30BDF80C30ADF8203005AA0E2307
:1080C000C5E73030C0B20F2802D9784602F000FF71
:1080D00000231A468221607872E700BF08EE030091
:1080E00010B504464078782811D12046002210F8B7
:1080F000021B0139FCF71EFC6478FFF7BFFD00236B
:1081000001461A462046BDE81040FFF7F3BD0023A4
:108110001A468221F7E700000378142B05D1C388A3
:108120000F2B9EBF014B01221A707047E0660020A2
:10813000F8F760BD08B5F9F730F9F3F7C9FDF5F7C1
:10814000EFFA03F021F9BDE8084003F063BE000038
:1081500073B50E46054600283BD0F8F7DDFC044613
:10816000002833D1F5F734FBF3F7C6FD286902F098
:108170003BFB044650BB2B7F0193AB690093014648
:108180006B6915484FF6FF7202F0DCFD0446E8B952
:108190002B6A03B198471148F8F76CFDFBF7E2FC36
:1081A0000E48F8F769FDF5F757FA0546F3F7CAFBED
:1081B0000B2D04D00B2802D0094B1B7813B1FFF70D
:1081C000B9FF0B24F6F74CFB06B13070204602B025
:1081D00070BD0E24FAE700BF886600207C2E0020C8
:1081E000E06600202DE9F04F0C4689B0814600B1D1
:1081F00011B9784602F06CFE2388152B02D8784618
:1082000002F066FE4FF6FF724FF01673CDE90523BC
:108210000025012305A90A224846ADF81C30ADF817
:10822000045005F0D9FB0A2323800DF10E012846E6
:10823000F4F7C4F910B1784602F04AFE0DF10F01CF
:108240000020F4F7C7F910B1784602F041FE0DF1B5
:1082500006010020F4F7A6F910B1784602F038FEC6
:10826000BDF80630ADF80C300DF10808022301AA64
:1082700041460020ADF80430F4F7F8F910B1784623
:1082800002F026FE2088042203A9484405F0A4FB3E
:1082900026889DF80E300436B6B2268053B10027EA
:1082A000BDF804A03D464FF6FF7B574515D3238804
:1082B0001D4425809DF80F3063B12388BDF80470FC
:1082C0000026994435464FF6FF7ABE421DD32388D7
:1082D0001D44258009B0BDE8F08F04A938F81700C7
:1082E000F4F784F910B1784602F0F2FDBDF81030D1
:1082F0005B4508D1A81902220DF11201484405F08E
:108300006BFB0235ADB20137CFE704A938F8160090
:10831000F4F76CF910B1784602F0DAFDBDF81030D0
:1083200053450FD0022204A909EB050005F054FBC8
:10833000A81C02220DF1120119FA80F005F04CFB85
:108340000435ADB20136C0E7024B1B6803B11847D4
:10835000704700BFE466002013B5044601A8F5F796
:108360007DFABDF80400001B18BF4FF0FF3080B24B
:1083700002B010BD37B50446FBF760F80546002390
:1083800001A80093F5F76AFA6946288AF6F720F8FB
:1083900030B9009B6360BDF80430238003B030BD6A
:1083A0000520FBE707B5002001A9FBF796FE10B1F9
:1083B000784602F08DFDBDF806300A22B3FBF2F3D9
:1083C0009DF805204FF00000013A013B62F30200E6
:1083D00063F3C70003B05DF804FB1FB50193BDF85C
:1083E0001830ADF80020ADF808304FF6FF724FF4AA
:1083F0000073ADF80220ADF80A306A46079B03937C
:10840000F3F794FD05B05DF804FB000037B50446B2
:108410000D46F8F739FC084B1860084B01221A701A
:1084200000230190009348F24A0229462046FFF7B4
:10843000D4FF03B030BD00BFEC660020E86600202A
:10844000F0B50B89032B87B007460D4626D14C6843
:10845000A378012B22D800268DF80C602388ADF874
:108460000D3002238DF80F30F8F70EFC0423019035
:10847000009348F2480203AB29463846FFF7ADFFA8
:108480000822314604A805F0B5FA1E238DF81030F5
:108490002388ADF8143004A8FFF756FF07B0F0BDED
:1084A00030B585B004460D468DF80C20ADF80D3082
:1084B000F8F7EAFB03230190009348F2440203AB70
:1084C00029462046FFF789FF05B030BD2DE9F0436E
:1084D0001F460B8847F6E57843449BB2102B87B0C4
:1084E00005460C46164656D84FF0010909FA03F323
:1084F00013F0EF011BD113F4803060D15B044AD537
:108500000146052203A805F075FA63688DF80C7022
:108510001A88ADF80D205B88ADF80F30F8F7B4FB82
:1085200005230093019003AB48F22A022FE00922B1
:10853000002103A805F05EFA23888DF80C704344EF
:108540009BB2072B0AD809FA03F313F00B0F09D1DA
:1085500013F004022DD113F0E00F1FD1784602F082
:10856000B7FC09E063681A88ADF80D205A88ADF8A9
:108570000F205B68CDF81130002E14BF07260926A6
:10858000F8F782FBCDE9006003AB48F21F022146F9
:108590002846FFF722FF07B0BDE8F083636833F891
:1085A000121BADF80D108DF80F208DF810201B68F0
:1085B000E0E7636833F8022BADF80D20F7E70722F8
:1085C00003A805F017FA63688DF80C701A88ADF8E7
:1085D0000D209A88ADF811205B88ADF80F30F8F7C0
:1085E00053FB07230093019003AB48F22C02CEE724
:1085F00030B585B004460D46002303A90120ADF82F
:108600000830FBF76AFD10B1784602F061FC9DF876
:108610000C308DF808309DF80D309DF80920013B95
:1086200063F302028DF80920BDF80E20142A04D14C
:108630009DF8093013F0070305D00A23B2FBF3F3CA
:10864000013B03F01F039DF8092063F3C7028DF877
:108650000920F8F719FB02230190009348F2280241
:1086600002AB29462046FFF7B8FE05B030BD7FB506
:108670000B89022B05460E463ED14C682378012B10
:108680003AD803F001038DF804306378C3F3020392
:1086900001338DF80530637883B3DB08013303EBD6
:1086A00083035B00142B38BF142301A90120ADF80C
:1086B0000630FBF701FD10B1784602F009FC3146A7
:1086C0002846FFF795FF082200210DEB020005F078
:1086D00091F908238DF8083023788DF80C306378F1
:1086E000C3F302038DF80D30637802A8C3F3C4030B
:1086F0008DF80E30FFF728FE04B070BD1423D1E7CB
:1087000070B586B00D46ADF80F309DF82C30ADF841
:108710000D2000218B4204460A988DF80C1014BFDE
:1087200007260926CDF81100F8F7AEFA03ABCDE91C
:10873000006048F21F0229462046FFF74EFE06B0B1
:1087400070BDF0B50E89012E87B007460C461FD1CB
:108750004D682B78012B1BD802238DF80C30F8F7CD
:1087600093FA03ABCDE9006048F214022146384683
:10877000FFF733FE0822002104A805F03BF9062389
:108780008DF810302B788DF8143004A8FFF7DCFD3D
:1087900007B0F0BD30B587B0044603939DF80E30A6
:1087A0008DF81420BDF80C20ADF815200D468DF87D
:1087B0001730F8F769FA04230190009348F2030296
:1087C00005AB29462046FFF708FE07B030BDF0B5DF
:1087D0000C8924F00204A4B287B007460E4634BBCD
:1087E0004D682888F8F7F8F8012820D12B88ADF8D3
:1087F0000830ADF80A408DF80C40F8F745FA05232B
:108800000190009348F22E0202AB31463846FFF742
:10881000E4FD0822214604A805F0ECF82C238DF88D
:1088200010302B88ADF8143004A8FFF78DFD07B089
:10883000F0BD2DE9F0470B89022B86B081460C462E
:1088400037D14B681F88C7F30B00F5F75DF9A38C90
:108850008342804630D13B460C2221464846FFF7F2
:108860001FFE26E0BAF80000F5F762F901352AF894
:10887000020B2FE036F81500F3F756FF10B17846DB
:1088800002F026FB0135019BAB42F3D83B460022A8
:1088900021464846FFF704FE08220021304605F035
:1088A000A9F8172330468DF80830ADF80C80FFF793
:1088B0004BFD06B0BDE8F0874FF6FF73984202AE5D
:1088C000E4D0082301AA31460193F5F7DBFC054605
:1088D00018B9B246019BAB42C4D84046F5F784FCB8
:1088E00005460028CFD00F28B5D03B460422B4E778
:1088F0002DE9FF410B89122B80460D462CD14F6884
:1089000008223C460DEB0200002134F8026B05F012
:1089100071F82A8848F240039A42C6F30B061ED12A
:1089200021460DF106023046F5F788F91523044675
:108930000F2C8DF80830BDF80630ADF80C3096BF1E
:108940000C4B10221A5D3B8829464046FFF7A8FDD4
:1089500014B902A8FFF7F8FC04B0BDE8F081304676
:10896000F5F7D2F82146ADF80600F5F7C1F9162360
:108970000446DDE70FEE030073B502230DEB03029F
:1089800001A90646ADF80230F3F7BAFC062825D057
:1089900010B1784602F09CFA0025BDF80220ABB277
:1089A0009A4202D8002002B070BDACB2640002ABA3
:1089B0002344304633F8041CF3F76EFC10B17846BC
:1089C00002F086FA02AB1C4434F8040CF4F7EAFF18
:1089D00010B1784602F07CFA0135DEE70820E2E7C4
:1089E0002DE9F0438DB01C46154606460F46092278
:1089F00000210DF1250004F0FDFF00230DF10B0116
:108A000020468DF82030ADF82150F3F773FD10B1FA
:108A1000784602F05DFA9DF826309DF80B2062F34F
:108A200004136FF3471305A920468DF82630F3F79A
:108A3000DDFD10B1784602F04BFABDF81450BDF8D8
:108A400016304FF6FF7295420DF10E0120460EBF13
:108A5000ADF82A30ADF82C30ADF82A50F3F78EFA85
:108A600010B1784602F034FABDF80E004FF6FF73ED
:108A7000984218D100238DF823308DF824304FF61A
:108A8000FF739D420CBF0C250E25F8F7FDF808ABCF
:108A9000CDE9005048F2190239463046FFF79DFCF7
:108AA0000DB0BDE8F08306A9F4F750FF10B1784689
:108AB00002F00EFABDF81A30ADF8233004A92046B2
:108AC000F3F7EAFC05288046D4D000283FD10DF109
:108AD0001201BDF81000F5F73FF80528814604D1D2
:108AE0008DF823808DF82480C9E70028C7D19DF830
:108AF00012308DF825309DF8133003F00F029DF8E9
:108B0000263023F00F0313430DF1270120468DF883
:108B10002630F3F71FFD0122494603A804F06AFF3F
:108B20000DF10D0203A92046F3F776FA9DF80C200B
:108B30009DF80D3002A943EA821320468DF82830B3
:108B4000F3F754FA9DF808308DF8293097E7784606
:108B500002F0BEF993E7F0B50B89032B87B0074607
:108B60000D4619D14E6804238DF80C303388ADF8CA
:108B70000D3000238DF80F303088C0F30B00F4F770
:108B8000C3FF0DF10B010446F5F798F8D0B9B3789F
:108B9000022B03D0032B36D007B0F0BD9DF80B306D
:108BA0005A1E012AF8D8012B06D12046F5F7FEF807
:108BB00010B1784602F08CF900238DF80C300223B6
:108BC0008DF80F30F8F760F80423019000932946E0
:108BD00003AB48F217023846FFF7FFFB9DF80C1075
:108BE0000029D9D1082204A804F004FF27238DF816
:108BF000103004A89DF80F308DF81430ADF81640F1
:108C0000FFF7A2FBC8E79DF80B30032BC4D033B1AC
:108C10002046F5F7F5F810B1784602F059F900232F
:108C20008DF80C30CCE770B50D89012D86B0064665
:108C30000C4621D14B6818788DF80F00F3F740FCF3
:108C40000146C8B9082204A804F0D4FE04238DF814
:108C5000103004A89DF80F308DF81430FFF774FB26
:108C6000F8F712F80DF10F03CDE9005048F20E02AB
:108C700021463046FFF7B1FB06B070BD30B585B078
:108C80000D460446FAF758FD8DF80C00F7F7FCFF87
:108C900001230190009348F20B0203AB29462046C2
:108CA000FFF79BFB05B030BD70B50B89092B8CB06D
:108CB00006460D465FD14C682388ADF81C30A3787A
:108CC0002BB1102B59D8013B012202FA03F3089370
:108CD000E37843B1112B9DBF03F1FF33012202FA68
:108CE00003F34FF0FF33099323798DF82830B4F85C
:108CF000053003F00F03ADF82A30B4F80700ADF8E3
:108D00002C00F4F701FF4FF6FF7398423CD1042387
:108D10008DF810302388ADF81130E3788DF81430D9
:108D2000A3788DF8133023798DF81530B4F8053019
:108D300003F00F03ADF81630B4F80730ADF8183073
:108D4000F7F7A2FF0A2301900093294604AB0622FD
:108D50003046FFF742FB9DF8101061B908220DEB79
:108D6000020004F047FE29238DF8083002A807AB63
:108D70000393FFF7E9FA0CB070BDFF2B4FF6FF73BA
:108D800018BF4FF0FF33A2E707A8FAF75BFB0028F4
:108D90000CBF00230F23BBE713B50378012B03D0CF
:108DA0000E2B1AD002B010BD104B42681B689A42BD
:108DB000F8D10F4C2378012BF4D1FFF7BBF908222F
:108DC0000021684604F016FE232368468DF8003023
:108DD000FFF7BAFA00232370E4E7054C2378022B4F
:108DE000E0D1F9F72BFE0028DCD0E8E7EC660020A4
:108DF000E866002030B50B89012B87B005460C468C
:108E00003FD14A688DF80C301378C3F30203013365
:108E10008DF80D301378DA080A2302FB0333142B84
:108E2000B8BF142303A90020ADF80E30FBF744F9B6
:108E300010B1784602F04CF8FFF7B4FA8DF808004C
:108E4000F7F722FF01230190009348F2250202ABBD
:108E500021462846FFF7C1FA0822002104A804F0A1
:108E6000C9FD2E238DF810309DF8083004A8C3F3F7
:108E70000202C3F3C4038DF814208DF81530FFF7F8
:108E800063FA07B030BD70B50C8986B006460D4652
:108E9000D4B9FFF787FA8DF80C00F7F7F5FE012338
:108EA0000190009348F2250203AB29463046FFF7B4
:108EB00094FA0822214604A804F09CFD2D2304A85E
:108EC0008DF81030FFF740FA06B070BDF0B50D898F
:108ED000022D87B007460C4622D14E680822002199
:108EE00004A804F087FD1D238DF810303388ADF8F9
:108EF000143000238DF80C303388ADF80D308DF828
:108F00000F50F7F7C1FE042301900093384603ABDE
:108F100048F248022146FFF760FA04A8FFF714FA66
:108F200007B0F0BD13B50C8964B9FFF761FB0822E7
:108F30002146684604F05EFD072368468DF8003040
:108F4000FFF702FA02B010BDF0B516460A881F46B8
:108F500048F218039A4287B005460C4605D048F2FD
:108F60001A039A4201D0032A2CD10E22002102A812
:108F700004F040FD23888DF8087048F218029342EF
:108F800009D048F21A0293421ED0032B20D1636805
:108F900033F8092B02E0636833F8022BADF809209F
:108FA0001B68CDF81230002E14BF0C260E26F7F7E2
:108FB0006BFE02ABCDE9006048F21902214628465B
:108FC000FFF70BFA07B0F0BD636833F8172BE5E73E
:108FD000784601F07DFFE6E770B50C8986B006465D
:108FE0000D46CCB902238DF80C30F7F74DFE012366
:108FF0000190009348F2140203AB29463046FFF774
:10900000ECF90822214604A804F0F4FC052304A886
:109010008DF81030FFF798F906B070BD70B50D8966
:10902000012D86B006460C4620D14B681B78012BDB
:109030001CD802238DF80C30F7F726FE03ABCDE9E0
:10904000005048F2110221463046FFF7C6F90822C7
:10905000002104A804F0CEFC25238DF8103004A8CC
:109060009DF80C308DF81430FFF76EF906B070BD26
:1090700070B50C8986B006460D46CCB902238DF832
:109080000C30F7F701FE01230190009348F2110222
:1090900003AB29463046FFF7A0F90822214604A871
:1090A00004F0A8FC242304A88DF81030FFF74CF935
:1090B00006B070BD2DE9F0410D898CB080460F4699
:1090C00055BB08260DEB060108A80296F4F73AFFF7
:1090D000029B9AB25B0803EB430302F0010405A96B
:1090E00008A803EB440401F0B7FBF7F7CDFDA4B2E9
:1090F00005ABCDE9004048F2430239464046FFF750
:109100006CF93246294603A804F074FC182303A81E
:109110008DF80C30FFF718F90CB0BDE8F081F0B510
:109120000B89022B8FB007460E463ED14D6828882A
:109130000823C0F30B000393F4F7E6FC03AA0AA983
:10914000F5F7A0F82B88ADF8193018B105282ED006
:1091500010232DE0039C8DF81800A2B2640804EBE4
:10916000440402F0010304EB430403340DF11B013A
:109170000AA8A4B201F070FBF7F786FD06ABCDE9B3
:10918000004048F2020231463846FFF726F908222D
:10919000002104A804F02EFC1C238DF810302B882D
:1091A000ADF8143004A8FFF7CFF80FB0F0BD0423DA
:1091B0008DF818300324DFE7F0B50B89022B87B058
:1091C00007460C462DD14D682888C0F30B00F4F7F4
:1091D0009BFC0DF10B010646F4F770FD0023039391
:1091E0002B88ADF80D30F0B99DF80B308DF80F30AD
:1091F000F7F74AFD04230190009348F2170203ABEE
:1092000021463846FFF7E9F80822002104A804F0B7
:10921000F1FB262304A88DF81030ADF81460FFF799
:1092200093F807B0F0BD04238DF80C30E0E770B57B
:109230000D8986B006460C46DDB9F3F755F90822CC
:1092400029468DF80F0004A804F0D4FB032304A8DA
:109250008DF81030FFF778F8F7F716FD012301902D
:10926000009348F20E020DF10F0321463046FFF73E
:10927000B4F806B070BDF7B50E89012E07460C464E
:1092800019D14D682B78012B15D80822002168468A
:1092900004F0B0FB8DF8006028788DF804000030F1
:1092A00018BF0120FAF736FA38462146FFF7E6FCE8
:1092B0006846FFF749F803B0F0BD73B50C89064660
:1092C0000D466CB908222146684604F093FB3046EF
:1092D00029468DF80040FFF7D1FC6846FFF734F8C7
:1092E00002B070BDF0B50B89012B8DB007460D465D
:1092F00028D14C6808220021022604A804F07AFB39
:109300008DF8106023788DF8143000230DF10E01D4
:109310008DF818300DF119001623ADF80E30FEF758
:1093200061FFBDF80E40F7F7AFFC0134A4B2CDE900
:10933000004006AB384632462946FFF74EF804A8EF
:10934000FFF702F80DB0F0BD2DE9FF470B89032BA5
:1093500080460D465AD14B6858781A889E78ADF8E9
:10936000042008220409002100F00F0A0DEB02007E
:109370001F788DF8066004F03DFB1B2344EA0610BD
:109380008DF80830F4F7D4FB4FF6FF794845ADF877
:109390000C0024D047EA0A20F4F7B6FB48450446FF
:1093A00037D00DF10201BDF80C00F4F7EFFB10B15E
:1093B000784601F08DFDBDF80230A34211D1BDF811
:1093C0000C00F3F7B1F910B1784601F081FDBDF85A
:1093D0000C00F4F7F3FE10B1784601F079FD00249B
:1093E00000E011248DF804708DF80660019B224680
:1093F00029464046FFF7CEF944B9BDF80C204FF698
:10940000FF739A4202D002A8FEF79EFF04B0BDE8A7
:10941000F0870424E6E773B50D461646F2F770FFB1
:10942000052804461BD006281BD090B1102014E05C
:10943000694635F81400F4F789FA0028F6D19DF84A
:109440000030023B012BF1D8BDF8023025F8143072
:10945000013433889C42EBD3002002B070BD02205F
:10946000FBE70820F9E72DE9F0410B89042BB0B0A8
:1094700007460D4613D14C684FF6FF76B4F80280CC
:109480002088ADF80E80ADF80C60FEF765FFB042A5
:1094900008D10123012229463846FFF717F830B0DA
:1094A000BDE8F08102AA0399F3F7B6F808B10223E8
:1094B000F0E728230DF10A0206A9BDF80800ADF86F
:1094C0000A30FFF7A8FF064608B10346E2E7BDF8F9
:1094D0000A208DF868002388ADF8693006A952008B
:1094E0000DF16D00ADF86B8004F076FABDF80A401E
:1094F000F7F7CAFB64000534A4B21AABCDE900400B
:109500002946384648F22A02FEF767FF082231460C
:1095100004A804F06FFA13238DF8103004A8BDF8E6
:109520000830ADF81430FEF70FFFB8E708B590B17A
:10953000B0F5004F06D8002301334008DBB2FBD161
:10954000184608BD4FF6FF73984206D0784601F0E2
:10955000BFFC1023F4E70346F2E7FF23F0E708B56A
:1095600070B1B0F5803F06D8002301334008DBB26C
:10957000FBD1184608BD784601F0AAFC1123F8E794
:109580000346F6E770B50C4688B00546F9F756FF76
:109590002189064671BB8DF814100388ADF815308B
:1095A0004368012B28D8DBB2B0688DF81730FFF77D
:1095B000D6FF337B8DF81930F389ADF81A30338A32
:1095C000ADF81C308DF81800F7F75EFB0A23019008
:1095D0000093062205AB21462846FEF7FEFE082230
:1095E000002103A804F006FA282303A88DF80C3004
:1095F000FEF7AAFE08B070BDB3F5004F07D8013BD7
:109600005B08CAB201F10101FAD1931CCBE74FF616
:10961000FF72934204D0784601F05AFC1023C3E74E
:10962000FF23C1E7F0B50E8989B007460D4676BB2A
:10963000F9F700FF8DF81460038804460BB14288E7
:109640003ABB00238DF815308DF816308DF81730A1
:109650008DF818308DF81930ADF81A308DF81C30AF
:10966000F7F712FB09230190009348F23C0205AB87
:1096700029463846FEF7B1FE0822002103A804F06F
:10968000B9F92A2303A88DF80C30FEF75DFE09B066
:10969000F0BDADF815304388ADF817304068FFF7DE
:1096A00045FF8DF81A00A068FFF759FFA3898DF8D0
:1096B0001B308DF81900E389D0E72DE9FF470B89AE
:1096C000132B80460D463ED14C682388ADF80430FC
:1096D0006378A67827788DF8066003F00F090822D2
:1096E00000210DEB020047EA09294FEA061A4AEA6F
:1096F000131A04F07FF94846F4F706FA19238DF897
:109700000830E21C0146814603AB5046F4F7C0FC2A
:1097100004460F2831D8DFE800F0323030192C2E03
:109720003008303030303030302A03228DF8047069
:109730008DF80660019B29464046FFF72BF814B9C7
:1097400002A8FEF701FE04B0BDE8F0870DF10201AA
:10975000BDF80C00F4F71AFA10B1784601F0B8FB26
:10976000BDF802204A4514BF04220022DEE706228B
:10977000DCE70522DAE70422D8E71022D6E7002248
:10978000D4E700002DE9F04F0B89132B85B08046FC
:109790000D4647D1D1F8049099F8010099F800706E
:1097A000B9F8003099F80260ADF8043008224FEAA9
:1097B000101A00F00F0047EA002400210DEB020010
:1097C0008DF8066004F016F91A2320468DF808304B
:1097D000F4F79AF94FF6FF7B5845044630D04AEA31
:1097E0000610F4F7A5F95845ADF80C002AD00DF194
:1097F0000201F4F7CBF910B1784601F069FBBDF82E
:109800000230A34211D011248DF804708DF8066047
:10981000019B224629464046FEF7BCFF14B902A828
:10982000FEF792FD05B0BDE8F08F09F10301BDF828
:109830000C00F4F773FC082806D8044B1C5CE3E723
:109840000424E1E70324DFE71024DDE71FEE030033
:10985000F0B50B89052B8DB007460E464FD14C68ED
:109860001022002108A804F0C5F82388ADF82030A4
:109870006388ADF82230237943B1112B9DBF03F1EA
:10988000FF33012202FA03F34FF0FF3308A80A93D3
:10989000F9F768FD054690BBF9F7CCFD8DF814503B
:1098A0000388ADF81530044643888068ADF817305A
:1098B000FFF755FE8DF819006068FFF737FEA389A2
:1098C0008DF81B30E3898DF81C308DF81A00F7F7FE
:1098D000DBF909230190009348F23C0205AB3146C5
:1098E0003846FEF77AFD0822294603A804F082F8DC
:1098F0002B2303A88DF80C300494FEF725FD0DB042
:10990000F0BD2DE9FF47B1F8088028F00203042BD1
:1099100006460C4621D14D686B882888B8F1040FA3
:109920009FB21BBF6A792B79ADF8063043EA022358
:109930000BBF4FF001094FF000094FF6FF77ADF86C
:109940000630FEF709FD4FF6FF7A504508D1012396
:109950004A4621463046FFF7F7FA04B0BDE8F087E3
:10996000ADF804700DF102020199F2F755FE20B92D
:10997000B8F1040F03D0574501D10223E8E7BDF841
:1099800002302A8821463046FFF72AF808220021B3
:109990000DEB020004F02EF809238DF8083002A820
:1099A000BDF80230ADF80C30FEF7CEFCD5E72DE95E
:1099B000F047B1F8089029F00203042B86B007465F
:1099C0000D4621D14C6863882088B9F1040F9EB2FE
:1099D0001BBF62792379ADF80E3043EA02230BBF37
:1099E0004FF001084FF000084FF6FF76ADF80E304B
:1099F000FEF7B2FC4FF6FF7A504508D101234246EC
:109A000029463846FEF762FD06B0BDE8F087ADF89E
:109A10000C600DF10A020399F2F7FEFD20B9B9F1CD
:109A2000040F03D0564501D10223E8E7BDF80A0030
:109A3000FEF7A2FF064608B10346E0E734F8022B22
:109A4000CDF8048020680090334629463846FEF75A
:109A500057FE0822314604A803F0CCFF12238DF8EC
:109A6000103004A8BDF80A30ADF81430FEF76CFCD5
:109A7000CAE72DE9F04FB1F80880B8F1080F87B0B8
:109A800006460D4602D0B8F1060F21D16C68A388B6
:109A90002088B8F1060F1FFA83FA1BBFE279A37979
:109AA000ADF80E3043EA02230BBF012700274FF623
:109AB000FF7AADF80E30FEF74FFC4FF6FF794845C0
:109AC000834608D101233A4629463046FEF7FEFC7C
:109AD00007B0BDE8F08F6088F6F77EFF0328F1D16C
:109AE00063884B45EED0ADF80CA002AA0399584606
:109AF000F2F792FD20B9B8F1060F03D0CA4501D1A3
:109B00000223E0E70DF10A016088F3F7FDFE40B1A2
:109B1000042804D010280CBF01231023D3E7052309
:109B2000D1E7BDF80A10BDF80800F2F783FB8046C4
:109B300068B1BDF80A00F3F735FF10B1784601F0BF
:109B4000C7F9B8F1060F0CBF08231023BBE76388E1
:109B500034F8042B01972068009029463046FEF720
:109B6000CFFD0822414604A803F044FF0C238DF8E2
:109B70001030BDF80830ADF8143004A8BDF80A3034
:109B8000ADF81630FEF7E0FBA2E72DE9F04FB1F893
:109B90000880B8F1080F87B006460D4602D0B8F12C
:109BA000060F21D16C68A3882088B8F1060F1FFA30
:109BB00083F91BBFE279A379ADF80E3043EA0223A3
:109BC0000BBF012700274FF6FF79ADF80E30FEF7E7
:109BD000C3FB4FF6FF7A5045834608D101233A462E
:109BE00029463046FEF772FC07B0BDE8F08F60886A
:109BF000F6F7F2FE0328F1D1ADF80C9002AA039912
:109C00005846F2F709FD20B9B8F1060F03D0D14547
:109C100001D10223E3E7BDF80800FEF7ADFE0346DD
:109C20000028DCD10DF10A016088F3F76DFE40B128
:109C3000042804D010280CBF01231023CFE70523EC
:109C4000CDE7BDF80A10BDF80800F2F7F3FA804638
:109C500068B1BDF80A00F3F7A5FE10B1784601F02F
:109C600037F9B8F1060F0CBF08231023B7E7638854
:109C700034F8042B01972068009029463046FEF7FF
:109C80003FFD0822414604A803F0B4FE10238DF8DE
:109C90001030BDF80830ADF8143004A8BDF80A3013
:109CA000ADF81630FEF750FB9EE72DE9F04FB1F806
:109CB0000880B8F1080F89B006460D4602D0B8F109
:109CC000060F21D16C68A3882088B8F1060F1FFA0F
:109CD00083F91BBFE279A379ADF80E3043EA022382
:109CE0000BBF012700274FF6FF79ADF80E30FEF7C6
:109CF00033FB4FF6FF7A5045834608D101233A469D
:109D000029463046FEF7E2FB09B0BDE8F08F6088D7
:109D1000F6F762FE0328F1D1ADF80C9002AA039980
:109D20005846F2F779FC20B9B8F1060F03D0D145B7
:109D300001D10223E3E703238DF810306388ADF8E7
:109D400012300DF10A01002304A80593F3F790FEE9
:109D500090BBBDF80A10BDF80800F2F79DFA06287E
:109D600001D10823CBE708B11023C8E7BDF80A00EA
:109D7000F3F718FE10B1784601F0AAF8638834F8BA
:109D8000042B01972068009029463046FEF7B8FC66
:109D90000822002106A803F02DFE0E238DF81830AE
:109DA000BDF80830ADF81C3006A8BDF80A30ADF893
:109DB0001E30FEF7C9FAA7E70528DFD0D4E72DE962
:109DC000F047B1F8089029F00203142B88B006463A
:109DD0000D4620D14C68638A2088B9F1140F1FFA10
:109DE00083F81BBF627D237DADF80E3043EA02236A
:109DF0000BBF012700274FF6FF78ADF80E30FEF7B6
:109E0000ABFA4FF6FF7A504508D101233A4629466E
:109E10003046FEF75BFB08B0BDE8F087ADF80C807C
:109E200002AA0399F2F7F8FB20B9B9F1140F03D095
:109E3000D04501D10223E9E70DF10A01A01CF3F797
:109E400066FD20B104280CBF05231023DEE7BDF812
:109E50000A10BDF80800F2F7EDF98046BDF80A00D7
:109E6000B8F1000F0BD0F3F79DFD10B1784601F06B
:109E70002FF8B8F1060F0CBF08231023C6E704A97A
:109E8000F3F764FD10B1784601F022F834F8122B94
:109E900001972068BDF81230009029463046FEF741
:109EA0002FFC0822002106A803F0A4FD0D238DF845
:109EB0001830BDF80830ADF81C3006A8BDF80A30DF
:109EC000ADF81E30FEF740FAA5E72DE9F047B1F8EE
:109ED000089029F00203142B88B006460D4620D1C5
:109EE0004C68638A2088B9F1140F1FFA83F81BBFEE
:109EF000627D237DADF80E3043EA02230BBF0127BC
:109F000000274FF6FF78ADF80E30FEF725FA4FF632
:109F1000FF7A504508D101233A4629463046FEF7DC
:109F2000D5FA08B0BDE8F087ADF80C8002AA039915
:109F3000F2F772FB20B9B9F1140F03D0D04501D16B
:109F40000223E9E7BDF80800FEF716FD03460028E6
:109F5000E2D10DF10A01A01CF3F7D9FC20B10428CD
:109F60000CBF05231023D7E7BDF80A10BDF8080081
:109F7000F2F760F98046BDF80A00B8F1000F0BD087
:109F8000F3F710FD10B1784600F0A2FFB8F1060F0C
:109F90000CBF08231023BFE704A9F3F7D7FC10B1C7
:109FA000784600F095FF34F8122B01972068BDF831
:109FB0001230009029463046FEF7A2FB082200210D
:109FC00006A803F017FD11238DF81830BDF80830EE
:109FD000ADF81C3006A8BDF80A30ADF81E30FEF70B
:109FE000B3F99EE72DE9F047B1F8089029F0020394
:109FF000142B88B006460D462ED14C68638A208803
:10A00000B9F1140F1FFA83F81BBF627D237DADF8F1
:10A010000E3043EA02230BBF012700274FF6FF78DB
:10A02000ADF80E30FEF798F94FF6FF7A504501D1A2
:10A0300001230CE0ADF80C8002AA0399F2F7ECFAC8
:10A0400020B9B9F1140F0AD0D04508D102233A46FD
:10A0500029463046FEF73AFA08B0BDE8F0870223F9
:10A060008DF81030A01C00230DF11201ADF8123054
:10A070000590F8F7A1FB10B1784600F029FF0DF12B
:10A080000A0104A8F3F7F4FC0528D1D008B1102385
:10A09000DDE7BDF80A10BDF80800F2F7FDF808B1D9
:10A0A0000C23D4E7BDF80A00F3F77CFC10B1784626
:10A0B00000F00EFF34F8122B01972068BDF8123023
:10A0C000009029463046FEF71BFB0822002106A817
:10A0D00003F090FC0F238DF81830BDF80830ADF870
:10A0E0001C3006A8BDF80A30ADF81E30FEF72CF97A
:10A0F000B2E72DE9F0470B89062BB0B007460D46B5
:10A1000021D1D1F80480B8F80000FEF725F9B5F8A0
:10A110000890B9F1040F0CBF0124002416D198F85F
:10A12000023098F8032043EA0223ADF80E304FF6D0
:10A13000FF764FF6FF7A504513D101232246294678
:10A140003846FEF7C3F930B0BDE8F08798F8043020
:10A1500098F80520B8F8026043EA0223ADF80E3003
:10A16000E7E7ADF80C6002AA0399F2F755FA20B9B7
:10A17000B9F1040F03D0564501D10223DEE72823AD
:10A180000DF10A0206A9BDF80800ADF80A30FFF784
:10A1900042F9064608B10346D0E78DF86800B8F8E2
:10A1A0000030BDF80A40ADF86930B8F80430ADF8B9
:10A1B0006D306400A4B2B8F80230ADF86B302246BE
:10A1C00006A90DF16F0003F007FCF6F75DFD0734FB
:10A1D000A4B21AAB019029463846009448F22C02EA
:10A1E000FEF7FBF80822314604A803F003FC142311
:10A1F0008DF8103004A8BDF80830ADF81430FEF723
:10A20000A3F8A0E72DE9F0470C89082C8AB007468F
:10A210000D4601D0062C2BD16E68B6F80480062CB2
:10A220004FF000031CBFC146B6F806808DF81C3005
:10A230003388ADF81D307388ADF81F3008BF4FF676
:10A24000FF797368CDF82130062C14D1B8F1000FD6
:10A2500011D10D238DF81C30F6F716FD0723019060
:10A26000009307AB48F23E0229463846FEF7B5F8A0
:10A270000AB0BDE8F0873088FEF76EF84FF6FF7A37
:10A2800050450BD10123062C0CBF072409248DF85F
:10A290001C30F6F7F9FCCDE90040E2E7ADF810908C
:10A2A000ADF8128003AA0499F2F7B6F918B9062C92
:10A2B00003D0D14501D10223E5E77088C0F30B003C
:10A2C000F3F736FC08220646002105A803F092FBAE
:10A2D0002A88BDF80C0048F23D039A4210D11F2392
:10A2E00031468DF81430ADF81800ADF81A60F2F769
:10A2F00045F8052841D0072841D018B3102322E0A3
:10A30000202331468DF81430ADF81800ADF81A60EE
:10A31000F2F758F80028ECD10DF10E01BDF80C0051
:10A32000F2F7BAF810B1784600F0D2FDBDF80E3061
:10A33000B34207D1BDF80C00F2F7D0F910B178465E
:10A3400000F0C6FD0023062C0CBF072409248DF85D
:10A350001C30F6F799FC07ABCDE9004048F23E020D
:10A3600029463846FEF739F89DF81C30002B7FF45B
:10A370007FAF05A8FDF7E8FF7AE70223E3E70323B1
:10A38000E1E72DE9F04F0E8926F00203042B91B08E
:10A3900080460C4639D1D1F804A0BAF80250BAF878
:10A3A0000000042E16BFA9464FF6FF79BAF80450F4
:10A3B000FDF7D2FF218848F24B0248F24C0748F2E1
:10A3C0004E034FF6FF7B914218BF1F4658451FD1E1
:10A3D000BAF8003091424FF001028DF82C20ADF810
:10A3E0002D300BBFADF82F50ADF8315005250725A6
:10A3F00018BFADF82F90F6F747FC0BABCDE9005036
:10A400003A4621464046FDF7E8FF11B0BDE8F08F1F
:10A41000ADF81090ADF8125003AA0499F2F7FCF8C9
:10A4200018B9042E0AD0D94508D12188BAF80030CD
:10A4300048F24B0291424FF00202CEE708230DF1A1
:10A440000E0207A9BDF80C00ADF80E30F1F7DCFFE5
:10A4500010B1784600F03CFD4FF0000BBDF80E60E7
:10A460001FFA8BF39E423ED82188BAF80030ADF82F
:10A470002D3048F24B0291424FF000028DF82C2013
:10A4800043D132460DF1310107A8ADF82F5000F04D
:10A49000E3F90525F6F7F8FB730803EB430306F031
:10A4A000010603EB46063544EDB20BAB01903A468C
:10A4B000214640460095FDF790FF0822002105A89F
:10A4C00003F098FA238848F24B0293420CBF2123F1
:10A4D00022238DF8143005A8BDF80C30ADF81830E3
:10A4E000FDF732FF91E71FFA8BF1490010AB0B44E7
:10A4F00007AA114433F8240CF3F72EFB10B1784669
:10A5000000F0E6FC0BF1010BA8E732460DF1330138
:10A5100007A8ADF83150ADF82F90072500F09CF951
:10A52000B8E72DE9F04F0A880B89032A89B007465E
:10A530000C4628D10D2B02D00B2B40F0EE80626828
:10A540000B2BB2F8093014BF117BADF80E301FFA97
:10A5500083FA18BFD37A15461CBF43EA0123ADF82E
:10A560000E3035F8049BB2F802800ABF012600269F
:10A570004FF6FF7A4846FDF7EFFE4FF6FF7B584552
:10A5800025D101232EE048F21A018A4204D123F09A
:10A590000202192A40F0C1806568192BB5F81730FE
:10A5A00014BFAA7EADF80E301FFA83FA18BF6B7E77
:10A5B00035F8129B15BF43EA0223012600264FF609
:10A5C000FF7A18BFADF80E304FF00008D2E7ADF8B3
:10A5D0000CA002AA0399F2F71FF810B946B9DA45A0
:10A5E00006D10223324621463846FEF7ADFC94E000
:10A5F0006B78287803F00F0340EA0320F3F798FA0A
:10A600004FF6FF739842824601D10323EAE74046A2
:10A61000ADF80A30F6F7E0F92388032B32D102288F
:10A62000AFD000F0FD00012840F0DA800DF10A0102
:10A63000BDF80800F1F7A2FC58B10DF10A0140463F
:10A64000F3F71CF900284DD0042840F08A80052338
:10A65000C8E704A9BDF80A00F3F778F90028ECD19F
:10A660009DF81030022B03D0BDF81230434539D08D
:10A67000BDF80A00F3F726F90028DED0784600F08E
:10A6800027FCDAE76368BDF808000DF10A0103F161
:10A69000020BF1F773FC28B10DF10A015846F3F7EC
:10A6A0000DF9CFE704A9BDF80A00F3F74FF9002828
:10A6B000F2D19DF81030022B09D0BDF80A00F3F753
:10A6C00001F90028E8D0784600F002FCE4E7102207
:10A6D0005946059803F072F90028EED19DF8103024
:10A6E000022BEAD1B8F1000F1AD095F80380BDF81B
:10A6F00008004FEA981B08F03F085FFA88F3002231
:10A70000009311462B790193F1F728FD019BE8B1E5
:10A7100006280FD0784600F0DBFB09B0BDE8F08FCB
:10A72000228848F21A039A42DFD0BDF80800F1F7F8
:10A73000D5FF36E04FF0000200996BF3010261F3A0
:10A74000870212F0FC0F01D007234BE76A78D2068C
:10A7500001D50A2346E71946BDF80800F1F722FCA7
:10A7600008B110233EE7BDF80A10BDF80800F1F764
:10A77000EBFB0028F5D15146BDF80800F1F772FE59
:10A780000028EED1A978BDF80800F1F7C7FE00282F
:10A79000E7D1009B4BB142465946BDF80800F1F79E
:10A7A000DDFC10B1784600F093FBBDF808304A4656
:10A7B00021463846FEF714F90822002106A803F0C6
:10A7C00019F92388032B0CBF0A230B238DF81830AB
:10A7D00006A8BDF80830ADF81C30FDF7B5FD9CE7C4
:10A7E000B8F1000F81D1A0E730B587B01622002163
:10A7F00005460DF1020003F0FDF80E4B02934FF6F3
:10A80000FF742F230C480393ADF80040F6F732FA9B
:10A810000A48F8F723FE0A4B1B88A34202D0784669
:10A8200000F056FB074B06491D606846F1F77EFABB
:10A8300007B030BD28EE03008C2E00207583030086
:10A84000882E0020E4660020024B01461888F1F7AC
:10A8500095BD00BF882E002070B50024861CA24242
:10A8600000D870BD30F814300B70651CC3F303239F
:10A87000AA424B7006D936F8145043EA05132D0945
:10A880004B708D7002340331E9E7000082B0094B50
:10A890000190C0F30F40A0F50C7080B253F8203047
:10A8A00008469A7800F8042B03F10C01202202B02C
:10A8B00003F092B81067002070B5144D2C68002684
:10A8C00034B92B680BBB1248BDE87040F6F7E4BB07
:10A8D00094F850304BB92B68A3420FD1636D2B60B5
:10A8E000E36C00212046984705E0013BDBB284F889
:10A8F0005030002BEFD02646646DE1E716B978465C
:10A9000000F0E6FA636D7365EAE770BD0C6700203E
:10A91000F066002030B587B090F850308DF80430E4
:10A92000084B029301AB0393074B049304460D4677
:10A93000F6F7AAF902AA059029462088F1F7F6FA57
:10A9400007B030BD0780FFFF010000020B8913B97B
:10A950001046FFF7DFBF704730B587B083788DF8BA
:10A960000430094B029301AB0393084B0493044654
:10A970000D46F6F789F902AA059029462088F1F7D5
:10A98000D5FA07B030BD00BF3780FFFF01000002DD
:10A990000B8913B91046FFF7DFBF704738B504467F
:10A9A0000D46F7F785F894F8503084F850505BBBAB
:10A9B00055B3E36C012120469847F7F779F8E36C2B
:10A9C00013B9784600F084FA94F8503013B97846F9
:10A9D00000F07EFA0E4B196861651C6091B90D4C50
:10A9E0001822204603F006F8F6F78EFB00F57420D7
:10A9F00000F51070084B6060E3602046074BA360D1
:10AA0000F6F72CFBF7F794F8BDE83840F7F790B865
:10AA10000C670020F066002040420F00B9A8030038
:10AA200038B50B89012B0C46154611D1D36C23B1D7
:10AA30004B6810461978FFF7B1FF228848F20503EA
:10AA40009A4205D121462846BDE83840FFF762BF4B
:10AA500038BD000070B50B89012B8AB00C46154635
:10AA600020D14E6833780F2B09D9228848F235035C
:10AA70009A4217D121462846FFF76EFF12E00A4B93
:10AA80001B6893420ED10948009001A9F8F7DAFF3C
:10AA900040B9337800988DF8043001A9F8F792FF97
:10AAA0000028E2D00AB070BD106700200300300219
:10AAB0004B0901F01F024FF0FF31914050F8232065
:10AAC000114049B14A420A4008495143C90E084A57
:10AAD000505C00EB431070470133072B02D850F84D
:10AAE0002310EEE74FF48070704700BF31B57C074C
:10AAF000FCEF03002DE9F043C7B0042905AE437A0B
:10AB000033700CBF00F12C0900F10C094389A6F841
:10AB1000013005468846484600211746FFF7C8FF22
:10AB20000024B0F5807F234619D14FF6FF73ADF8AE
:10AB3000063003344FF40073ADF804800296ADF88C
:10AB40000C40ADF80E30F6F79FF8049028888FB1CE
:10AB500001AA3946F1F7EAF947B0BDE8F08333447A
:10AB6000411C0134FF29E4B2D870DED84846FFF713
:10AB70009FFFD6E701A9F1F7ADF9EDE708460022FE
:10AB80000421FFF7B7BFF8B50B89032B0D46144618
:10AB900010D11388834202D0784600F099F96E688C
:10ABA0006189B6F801308B4204D1277A0023DAB2EA
:10ABB000974200D8F8BDDA00606896F800E000EB34
:10ABC000020C825C724503F10103F0D1DCF8043021
:10ABD00020469847337863722A8848F232039A42B3
:10ABE000E8D12A4620460521BDE8F840FFF782BF9C
:10ABF00038B50B89022B0D46144611D113888342B8
:10AC000002D0784600F064F96B681A8863899A422A
:10AC100006D12A4620460521BDE83840FFF76ABF25
:10AC200038BD000082B0084B0190C0F30F40A0F582
:10AC30000C7080B2002153F82000202281700C306B
:10AC400002B002F0D7BE00BF1067002030B50B89FC
:10AC5000022B8BB00D46144628D11388834202D0B4
:10AC6000784600F035F96B681A8863899A421DD1DD
:10AC70000F4B1B68A34219D10E48009001A9F8F7A9
:10AC8000E1FE014690B9202202A802F0B3FE01A91C
:10AC90000098F8F797FE48B92A8848F22F039A429D
:10ACA00004D12A4605212046FFF724FF0BB030BD12
:10ACB000106700200300300238B500F12C05002198
:10ACC0002846FFF7F5FE0024B0F5807F01D1E0B201
:10ACD00038BD411CFF2904F10104F8D82846FFF7CC
:10ACE000E7FEF1E773B50190C0F30F40A0F50C70DB
:10ACF000134B0E7880B20D4653F82040A378B34230
:10AD000010D100260C34043520222946204602F0BA
:10AD100055FE20B120222946204602F05DFE304635
:10AD200002B070BDA6702046FFF7C6FF0028E8D02D
:10AD30000121B14089B22088F1F7F4F90646E1E734
:10AD40001067002070B586B0C3640A9B436000257D
:10AD50009DF82C300372044642810E46457280F8FD
:10AD6000505085704565202229460C3002F042FE85
:10AD70002946202204F12C0002F03CFE0B4B0093EC
:10AD80000B4B02930B23CDE903342146094BADF85D
:10AD9000046068460593F0F7C9FF28B9064B43F8ED
:10ADA00026402088F1F710FA06B070BDFFFF0200C0
:10ADB000A4EF03007DAB030010670020830730B5CC
:10ADC00015D10C4B0124C3F8044501EB8202401A53
:10ADD000914203D10020C3F8040530BD441851F856
:10ADE000045B2560D3F80044012CFBD1F0E7102070
:10ADF000F3E700BF00E00140C0F30B0310B59BB9BF
:10AE00000A4A0224C2F80445994200EB033403D1F4
:10AE10000020C2F8040510BDC2F80845D2F800446D
:10AE2000012CFBD10133EFE71020F4E700E00140F3
:10AE30000B46C3F30B03090B03B10131FFF7DCBF72
:10AE400008B54FF400410020ECF790FE18B11C4A01
:10AE50003D21EEF733FCECF7C9FD1A4B1A481B49AC
:10AE6000C01AC008000440F00300EDF71FF8EDF72A
:10AE700035FD18B1124A4121EEF720FCECF74CFAEF
:10AE8000ECF73AFB00F056F818B10D4A4521EEF701
:10AE900015FC01F09DFC18B1094A4621EEF70EFCA5
:10AEA00008210020F9F72AF918B1054A5021EEF7D8
:10AEB00005FCECF7ABFE0028FBD120BFF9E700BF93
:10AEC0001CF00300A8F30300C8F3030027F00300FD
:10AED00007B5064B009001466A4644F20200019312
:10AEE000EEF7B4FB03B05DF804FB00BFF2DF030034
:10AEF000F5F7C4BE07B5EEF715FA18B10C4A76217E
:10AF0000EEF7DCFB002301A901200193EEF78EF898
:10AF100018B1074A7921EEF7D1FB01A8EEF756F9EF
:10AF200018B1034A7A21EEF7C9FB03B05DF804FBC0
:10AF30006CF0030000B58BB0FFF7DCFF002124228A
:10AF400001A802F057FD01238DF8043000210623EB
:10AF500001A88DF80C30FDF7FBF818B10B4A582109
:10AF6000EEF7ACFBFDF7E4F818B1084A6121EEF703
:10AF7000A5FB08210020F9F7C1F818B1034A6C219C
:10AF8000EEF79CFB00200BB05DF804FB6CF00300B7
:10AF900000780A4B8208202A38BF4FF0A043C1072F
:10AFA0000AD502F01F0101228A40810702D5C3F8A9
:10AFB0000C257047C3F80825704700BF00030050F8
:10AFC000002303600B4B99781B79CA0002F1804281
:10AFD0009B0002F5F83203F1804303F5C043C2F849
:10AFE0001005C2F814350123034A8B40C2F804351A
:10AFF000704700BF1467002000F0014038B5154BC2
:10B000005A7905460C461AB31A78D10720D5997893
:10B01000114B124812F0020F4FEA920218BF4FF084
:10B0200003131F2A43EA02238CBF4FF4005200226D
:10B03000134301F5A2720A4900EB840041F8223063
:10B04000FFF7BEFF04F5A874064B163543F82450ED
:10B0500038BD00BF146700200300130040A100406A
:10B060000060004000A0004038B5154B5A790546F5
:10B070000C461AB35A78D10720D59978114B12484B
:10B0800012F0020F4FEA920218BF4FF003131F2A6B
:10B0900043EA02238CBF4FF400520022134301F510
:10B0A000A2720A4900EB840041F82230FFF788FFC2
:10B0B00004F5A874064B163543F8245038BD00BF7C
:10B0C000146700200300130040A10040006000400E
:10B0D00000A00040044B5A792AB19A78012393408A
:10B0E000024AC2F8083570471467002000F001409A
:10B0F0000F494B79D3B10F4B0022C3F81021C87808
:10B10000C20002F1804202F5F83203F58873C2F8FA
:10B1100010350B799B0003F1804303F5C043C2F85F
:10B1200014350123044A8340C2F80435704700BF38
:10B13000146700200010004000F0014010B50F4CD3
:10B140006379CBB1E178A378012202FA03F38A4054
:10B1500013430B4AC2F808352379A2F5C83203F528
:10B16000A2730021204642F82310FFF711FF601C54
:10B17000BDE81040FFF70CBF10BD00BF14670020F2
:10B1800000F0014041F2826398429DBF024B187863
:10B19000C0F3C00001207047B36700200B68084A65
:10B1A000084913600B7843F001030B7083F002032E
:10B1B00082B0C3F340030020137102B0704700BF98
:10B1C000AC670020B3670020084B0A681A600A7950
:10B1D0001A71074A002058719871D871137882B09B
:10B1E00043F00203137002B0704700BFA467002051
:10B1F000B367002082B0052201900248002102B00E
:10B2000002F0F8BBAC67002082B00822019002482F
:10B21000002102B002F0EEBBA467002082B005223C
:10B2200001900846014902B002F0D6BBAC6700208D
:10B2300007B505220190064802F0CEFB054A1378B7
:10B24000002043F00103137003B05DF804FB00BF5E
:10B25000AC670020B367002082B008220190084646
:10B26000014902B002F0B8BBA467002007B508226C
:10B270000190064802F0B0FB054A1378002043F025
:10B280000203137003B05DF804FB00BFA467002045
:10B29000B367002000B50A4B1A7B9B688DB0012A6A
:10B2A00008BF03F1FF3303930290022368468DF831
:10B2B00004208DF80030F4F705FE0DB05DF804FBB6
:10B2C00048670020074A1378590709D501781229E1
:10B2D00006D10549086805496FF382034860137079
:10B2E000704700BFB3670020AC67002048670020AC
:10B2F0001FB5124C2378590602D47846FFF7E8FDB3
:10B3000023785A0717D40E4A526802F50052B2F158
:10B31000807F02920FD80B4A43F0040312788DF815
:10B320000C2002A94FF440302370F8F74BFB10B10A
:10B330007846FFF7CDFD04B010BD00BFB367002015
:10B3400048670020B46700201FB5002303930C4B0F
:10B350009A6802920B4A1B7B8DF80C3013780133EC
:10B36000DBB202A94FF4802013708DF80F30F8F78C
:10B3700029FB10B17846FFF7ABFD05B05DF804FB83
:10B3800048670020B467002008B50020F8F7A2FB4A
:10B3900014220021064802F02DFB064A137823F000
:10B3A000600343F040031370BDE80840FFF7A0BFFF
:10B3B00048670020B367002010B50C4C1422002110
:10B3C000204602F017FBF5F79FFE094B094A0A4990
:10B3D0009A600022C3E9031258605A61074B626009
:10B3E000197862F3C301197010BD00BF48670020CF
:10B3F0002467002075B5030000879303B36700201E
:10B4000037B5264D2B78DB062FD42548254B036016
:10B41000F5F730FC2448254B0360F5F72BFC2B781F
:10B4200013F0200212D103F00303032B204C1ED093
:10B430002260A26022732282FFF786FF2368636086
:10B440002B7843F040032B70FFF752FF4FF480300E
:10B45000F8F716FB4FF40030F8F712FB1548F5F734
:10B46000FDFD2B7843F010032B7003B030BD124B61
:10B470001A68A2601A7922739879597941EA0021F1
:10B480002182D9790D4B19700D4B1879884202D061
:10B490000AB92260D2E71B682360CFE7B3670020B8
:10B4A0003C67002011B6030098670020C5B2030076
:10B4B0004867002024670020A4670020B4670020AC
:10B4C000AC670020034B187880F00400C0F38000C4
:10B4D000704700BFB367002010B5F6F7E9FA0D4AD0
:10B4E000137BA3B9947B94B9108AFFF74BFE70B11C
:10B4F000012313739368148201339360FFF724FFD1
:10B500002046FFF7C7FEF6F713FB204610BD0824C0
:10B51000F9E700BF4867002010B5F6F7C9FA144AEA
:10B52000547B9CB1917B09BB108AFFF72BFE04462C
:10B5300060B1137B51732BB1012B0BD07846FFF711
:10B54000C7FC03E0FFF7C8FF0028F7D1F6F7F0FAD1
:10B55000204610BD0846C2E9001111731182FFF7A1
:10B5600099FEFFF7F1FEFFF7C3FEEFE70024EDE7DA
:10B57000486700201FB5244C227B2AB1012A0FD036
:10B580007846FFF7A5FC1CE0208AFFF7FBFDC0B161
:10B59000FFF7C2FF638A0BB1013B638204B010BDA9
:10B5A000218A0846FFF7EEFD58B142F2B0139942E6
:10B5B00088BF6273FFF7B0FF0028EBD1637B002BDD
:10B5C000E8D1238A01339BB21E2118462382B3FBA4
:10B5D000F1F201FB12339BB2002BDBD1A368029383
:10B5E000237B8DF80C30094BADF80D001B788DF8DE
:10B5F0000F3002A94FF48020F8F7E4F90028C9D0F1
:10B600007846FFF765FCC5E748670020B46700206F
:10B6100010B50378042B0ED143681B785BB11C4B2B
:10B620004269197B047E69BB598AF9B9012C996872
:10B6300002D08A4203D810BD4C1CA24218D92A312C
:10B640008A42F8D8997B0029F5D184689A60114A1A
:10B650001A619981C3E90011FFF776FEFFF748FEF2
:10B6600004F11000BDE81040FFF714BE012CE2D138
:10B67000996801318A42DED101225A73BDE8104037
:10B68000FFF74ABF0129D6D1012CD4D09968F1E740
:10B69000486700200000062D10B50C4A13681446B8
:10B6A00028B101200A4903448873136010BD13B9FF
:10B6B0007846FFF70DFC2368013B2360002BF5D192
:10B6C000034A9373BDE81040FFF726BF1C670020B4
:10B6D0004867002000B58DB00323ADF8040068462C
:10B6E0008DF80C2002918DF80030F4F7EBFB0DB0D3
:10B6F0005DF804FB014B9868704700BF4867002065
:10B70000034B98681B7B012B08BF00F1FF3070478B
:10B710004867002070B51E4B1B785B0605460E4639
:10B7200033D51C4CD4E900239A422CD2207B1A4BEF
:10B730001A49012808BF0B469A4207D2636822685B
:10B74000403B9A4208D3FFF7D3FD05E00123637322
:10B75000FFF7E2FE0028F1D0EFF3108272B6236803
:10B76000591C21603360FFF7CBFF286002B962B635
:10B7700020686423B0FBF3F403FB14040CB901F05C
:10B7800041F8002002E0FFF7B3FD0F2070BD00BFBD
:10B79000B367002048670020FFFF7F0000E0FF0044
:10B7A000044B9B685840C20748BF03F1FF3318465B
:10B7B000704700BF48670020014B187B704700BFEF
:10B7C00048670020F8B50F4E337813F02004174671
:10B7D00015D10D4D43F0200333702973A8602C82DE
:10B7E000FFF7B2FD2046FFF755FD337843F04003E5
:10B7F000C5E900773370FFF77BFD2046F8BD0820D0
:10B80000FCE700BFB367002048670020014B01221E
:10B810001A707047086800207047000038B5054D61
:10B82000044645F001054FF47A40A847013CFAD19F
:10B8300038BD00BF90F00300F7B50646EBF78CFE6D
:10B8400000B3114B114C124D1249E41AE4082404C0
:10B85000324644F0030005F10C07ECF72BFB4022C5
:10B86000394644F00400ECF739FB00972B68D5E922
:10B870000112F0B2EBF7E8FE10B9EBF77DFE032002
:10B8800003B0F0BD0820FBE7A8F30300B8F3030002
:10B89000BC670020A9F00300F8B50E4B1C680E4BE6
:10B8A00004440E48C01AC008000495080F46164606
:10B8B000234622460A4940F00300ECF704FBB30795
:10B8C00018BF01352A4639462046BDE8F840FFF743
:10B8D00075BA00BFB8670020A8F30300B8F30300EF
:10B8E00096F003002DE9F04F4FF080430022C3F89B
:10B8F00000210122B9B01A60D3F80021002AFBD040
:10B9000001220021C3F81825C3F804119A604FF0F2
:10B910008042D2F80431002BFBD0514A5148524C9E
:10B92000002100F0E9F84FF003084FF0000903ADE3
:10B930004C220021284602F05DF84B238DF80D3093
:10B9400001238DF80E302368049340226368474931
:10B95000059306A802F040F8454F019508238DF89D
:10B9600008908DF80A300025CA46252601A88DF8D2
:10B970000F5087F800A08DF8096000F049F92623E0
:10B9800001A88DF8093000F043F9272301A88DF8AC
:10B99000093000F03DF93B78002BFCD00A2001353E
:10B9A000FFF73CFF032DE1D1D4E9015ADFF8C8B01D
:10B9B00055447026AA4518D34FF47A70FFF72EFF2E
:10B9C000B8F10108B3D100F03DF92A4B0222C3F8C7
:10B9D0008020BFF34F8FBFF36F8F4FF08043012262
:10B9E0005A60DA6039B0BDE8F08FA5EB0A026F2A21
:10B9F00098BFD6B20021872216A801F0FBFF721D66
:10BA00008DF8592002228DF85A20DBF80020AAEB8D
:10BA100002025146CDF85B200DF15F00324601F085
:10BA2000DBFF16AB252201A801938DF8092087F8CA
:10BA3000009000F0EDF8262201A88DF8092000F012
:10BA4000E7F8272201A88DF8092000F0E1F83A78FC
:10BA5000002AFCD01420FFF7E1FEB244AAE700BFA1
:10BA600019B803000DB80300BC670020C8670020A8
:10BA70000868002000E100E0B86700200A4A0B4B8C
:10BA80009B1A0B4A13444FF0102223F47F63526930
:10BA900023F00F0303F58053D21A82422CBF1846BD
:10BAA0004FF0FF30704700BF002E0020082F00200D
:10BAB00044F7030070B50E46054630461146FFF7C1
:10BAC000DDFF431C044610D009484022C0E900565F
:10BAD00084600C3001F080FF064B651B3146204628
:10BAE0001D60FFF7A5F9002070BD0420FCE700BF32
:10BAF000BC670020B86700202DE9F047394B3A4D6C
:10BB000006460F460020012190460422C3F8FC0F90
:10BB1000C3F8FC1FC3F80C250322C3F810256422C8
:10BB2000C3F80825C3F82405D3F8242542F08E0273
:10BB3000C3F82425D3F828452C4A44F42A44C3F8F2
:10BB40002845C3F81C2502F1084202F5EB02C3F8B0
:10BB500020250222C3F82C15C3F830254FF4847237
:10BB6000C3F81405C3F81425214AC3F81805C3F80F
:10BB7000182540F25B62C3F8382540F20312C3F87F
:10BB800034251C4AC3F83C259422C3F844252A785E
:10BB9000032A07D11848194A08238360C0E9002303
:10BBA000F4F7D0FB02242C700E4B154D0022C3F885
:10BBB0000C21C5F880412C60124BDFF850901F60BB
:10BBC000114B0D48C9F80060C3F80080F4F754FC2D
:10BBD00020B1D9F80030BDE8F0471847C5F800415A
:10BBE000BDE8F08700100040982E002000D6BE89E6
:10BBF00085000302555555000C6800202068002080
:10BC000000E100E0646800206868002060680020AF
:10BC100008B5014668B10948F4F7AEFB58B9EFF32F
:10BC2000108372B6064A0221C2F8001103B962B647
:10BC300008BD0E20FCE70420FAE700BF0C680020D6
:10BC400000E100E00B4B1A78022A1A4611D00A4B89
:10BC500000214FF0FF30C3F80012C3F80803C3F807
:10BC6000101101211961D3F810110029FBD0022312
:10BC700013707047982E0020001000402DE9F0410D
:10BC8000564CD4F80C3186B02246002B5FD0D4F845
:10BC90000064D4F80C74D4F81C31002B51D000236C
:10BCA000C4F81C31D4F84845E4B20023C2F80C3182
:10BCB00003A94B48F4F788FB18B14A4AF421EDF781
:10BCC000FDFC9DF810300398013B012B3BD8464BFF
:10BCD000311C1D683A46234618BF0121A847434B33
:10BCE00002221A7001A93E48F4F7BFFB002870D168
:10BCF0003A4C1323C4F800329DF809300A2B55D86A
:10BD00009A1C5200C4F8082503F07F02334B3749D0
:10BD1000C3F85425019AC3F8042500200822C3F86B
:10BD20000423C3F80C019DF808400122002C4BD1DC
:10BD3000C3F82C259DF80A00C3F80C051A600A7098
:10BD400013E06424B1E72A4B1B689847C7E72448EF
:10BD5000234F254EF4F78CFBA0460546012D07D84E
:10BD6000224B1B78023B012BBCD906B0BDE8F08109
:10BD700003A93846F4F779FB01460028F0D19DF875
:10BD80001030022BECD13846F4F71EFBFFF75AFFB8
:10BD9000D8F850150029FBD1C8F80C1164234FF0D6
:10BDA000FF3203983468A047013DD7E7242B01D820
:10BDB000DA1CA6E70F4A07CA06AD05E9070005EB3E
:10BDC000830252F8A02C9DE7C3F830255A60087012
:10BDD000CBE7094B1B689847C7E700BF001000403E
:10BDE0000C680020D0F0030064680020982E00202A
:10BDF00068680020C4F00300606800207047704746
:10BE000000207047002070470020704701207047D5
:10BE100001207047704770472DE9F34103780446CD
:10BE2000052B4BD8DFE803F003935C6C4A7D068951
:10BE30004D4F0436EB2E28BFEB261FFA86F808F18B
:10BE40001400394680B2FBF7AFFE002836D13D68BA
:10BE5000A5F81380237D012B33D1D0236B70E38AA7
:10BE6000AB80E3896B80206AF1F770FEE880E069BF
:10BE7000F1F758FE288194F82430AB72E36A9B7B7B
:10BE8000C3F34603EB72E16A06220F3105F10C00A1
:10BE900001F0A2FDE36A93F90D30AB74042204F1C2
:10BEA000280105F1150001F097FD321F616805F1C9
:10BEB000190001F091FD3868FBF790FE02B0BDE873
:10BEC000F081D1236B700DF1060104F11400F1F73C
:10BED000CFFD10B17846FEF7FBFFBDF80630BFE797
:10BEE000214D05202946FBF75FFE0028E6D12B688F
:10BEF000D3225A702B68E268C3F802202868DBE777
:10BF0000194D04202946FBF74FFE0028D6D12B6897
:10BF1000D4225A702B68A2885A802868237B037128
:10BF2000CAE7114D07202946FBF73EFE0028C5D180
:10BF30002B68D8225A702B6822799A702B68627904
:10BF4000DA702868E38883802389C380B4E7064DCC
:10BF500005202946FBF728FE0028AFD12B68D22206
:10BF60005A702B686268C7E77C68002010B58AB0F9
:10BF700005A904464FF48020F7F764FD014630B16F
:10BF800000231A466078FBF70DFF0AB010BD03A925
:10BF90004FF44030F7F756FD059B07939DF8183096
:10BFA0008DF82030BDF81930ADF82130039BCDF865
:10BFB000233007AA0B230146E4E707B52023ADF899
:10BFC000043001AA022300214078FBF7EBFE03B006
:10BFD0005DF804FB07B50A23ADF8043001AA02237B
:10BFE00000214078FBF7DEFE03B05DF804FB07B5E7
:10BFF0000823ADF8043001AA022300214078FBF7A2
:10C00000D1FE03B05DF804FBFFF7F1BFFFF7EFBF10
:10C0100010B58179D0F809200031044618BF0121FC
:10C02000D0F80200FFF7CEFB002301461A466078E5
:10C03000BDE81040FBF7B6BE10B504464088FEF7D9
:10C0400003FC002301461A466078BDE81040FBF768
:10C05000A9BE10B50446FCF76DF8002360781A46B7
:10C060001946BDE81040FBF745BE13B504466846C7
:10C07000F1F7F4FB009B019304230DEB0302002175
:10C080006078FBF78FFE02B010BD10B58CB00021B8
:10C090000446242203A801F0ADFCF4F7F5FD03A942
:10C0A0000190E088F1F752FC002839D102A8F1F79D
:10C0B000D5FBA288BDF808108A423AD3BDF80A30F1
:10C0C0000B449A4235DA09AA61884FF6FF70F2F7FD
:10C0D00013F928BB6279237943EA0223ADF81430BF
:10C0E000237A8DF81630637A003318BF01238DF858
:10C0F0001730A37A8DF8183023780B2B83BF0B3BB6
:10C1000004F10C02ADF82030079098BFADF8200084
:10C11000019B88BF0792002103A80B93F4F7A8FDA9
:10C12000042301460DEB03026078FBF73BFE0CB0E5
:10C1300010BD1020F4E730B5ADF53F7D7E230446F9
:10C14000694640A80093F1F75BFC009B05467BB174
:10C150005A0040A901A801F03FFC009B5B009BB284
:10C1600001AA29466078FBF71DFE0DF53F7D30BD25
:10C170001A46F6E730B589B0694604464088F1F7BB
:10C18000E5FB16220546002102A801F033FC0DBB99
:10C19000A378E27843EA0223ADF8083068469DF8B8
:10C1A00000308DF80A30F2F737FB0199BDF8023004
:10C1B0008DF80B00ADF80C3071B110220DF10E00AE
:10C1C00001F00AFC162302AA29466078FBF7EAFD73
:10C1D00009B030BD0023F6E70623F4E713B50446A3
:10C1E0004088F1F76FFBE278A37843EA0223ADF8C9
:10C1F00004300146022301AA6078FBF7D3FD02B0A8
:10C2000010BD13B504460DF106010230F1F756FBDF
:10C21000BDF80630ADF804300146022301AA60786B
:10C22000FBF7C0FD02B010BD13B504460DF10601C9
:10C230004088F1F723FBBDF80630ADF80430014625
:10C24000022301AA6078FBF7ADFD02B010BD13B563
:10C2500004464088F1F7A6FBE278A37843EA02237C
:10C26000ADF804300146022301AA6078FBF79AFD7D
:10C2700002B010BD13B504460DF106010230F1F70E
:10C2800046FBBDF80630ADF804300146022301AA92
:10C290006078FBF787FD02B010BD13B504460DF1C1
:10C2A00006014088F1F730FBBDF80630ADF80430E8
:10C2B0000146022301AA6078FBF774FD02B010BDAD
:10C2C00013B5C278837843EA0223ADF8043042798B
:10C2D0000379044643EA022301A8ADF80630F1F7DA
:10C2E00089FA002301461A466078FBF75BFD02B02D
:10C2F00010BD13B504464088F1F7ACFEE278A37890
:10C3000043EA0223ADF804300146022301AA607813
:10C31000FBF748FD02B010BD13B5821D04460DF1B8
:10C32000060381884088F1F73BFEBDF80630ADF882
:10C3300004300146022301AA6078FBF733FD02B006
:10C3400010BD30B5ADF53F7D7D230193044601AAB4
:10C3500041A94088F1F796FF019B05463BB91A4673
:10C3600029466078FBF71EFD0DF53F7D30BDE17875
:10C37000A27842EA0122ADF8082041A95A000DF145
:10C380000A0001F029FB019B01335B009BB202AA6A
:10C39000E6E713B504464088F1F710FFE278A3788A
:10C3A00043EA0223ADF804300146022301AA607873
:10C3B000FBF7F8FC02B010BD13B50446011D408820
:10C3C000F1F7ACFEE278A37843EA0223ADF804303B
:10C3D0000146022301AA6078FBF7E4FC02B010BD1D
:10C3E00013B5821D04460DF1060381884088F1F7DC
:10C3F0004FFEBDF80630ADF804300146022301AA15
:10C400006078FBF7CFFC02B010BD30B5ADF53F7DD5
:10C410007E230446694640A80093F1F793FD009BF4
:10C4200005463BB91A4629466078FBF7BBFC0DF57B
:10C430003F7D30BD5A0040A901A801F0CDFA009B14
:10C440005B009BB201AAEEE713B504464088F1F702
:10C45000CBFEE278A37843EA0223ADF8043001462C
:10C46000022301AA6078FBF79DFC02B010BD13B552
:10C470000446011D4088F1F73BFCE278A37843EACB
:10C480000223ADF804300146022301AA6078FBF7CD
:10C4900089FC02B010BD13B504460DF10602011D62
:10C4A0004088F1F7CBFBBDF80630ADF8043001460B
:10C4B000022301AA6078FBF775FC02B010BD10B52D
:10C4C0004478F4F7BFFB002301461A462046BDE836
:10C4D0001040FBF767BC10B54478F4F78BFB0023E2
:10C4E00001461A462046BDE81040FBF75BBC000041
:10C4F00037B51446019140B9BDF804302BB9BDF8E9
:10C500000630032B03D0042B15D003B030BD154DDE
:10C5100005202946FBF748FB0028F6D12B68DA22D4
:10C520005A702B682268C3F80220286803B0BDE85F
:10C530003040FBF753BB0B4D08202946FBF734FB7B
:10C540000028E2D12B68D9225A702B682268C3F8E0
:10C550000220286823798371B4F80530A0F80730E9
:10C56000E4E700BF786800200248034B0360F4F75B
:10C5700081BB00BF6C68002019BE030070B5437812
:10C580007033DBB22F2B054602D97846FEF7A0FCAC
:10C590006878AF2806D900231A468221BDE870408A
:10C5A000FBF7A8BBA0F190060E4C14F8362082428F
:10C5B00002D07846FEF78CFC04EBC60329785A7843
:10C5C0008A4204D2987801320244914204DD002369
:10C5D0001A4684216878E1E728465B68BDE8704028
:10C5E000184700BFE4F0030037B50446C9B103782B
:10C5F000013B0B2B15D8DFE803F006141416345951
:10C600006AB6BDD38CA10023411C022201A8ADF85B
:10C61000043001F0E1F9BDF80400FFF7FCFBF3F78B
:10C6200045FC03B030BD04244FF416730DEB040138
:10C630002046ADF802308DF80140FBF7B5FA019BBA
:10C640001C70019B8A225A70019801220DEB020195
:10C65000023001F0C1F9022201980DEB0201033012
:10C660001EE0524B52485349C01AC008000440F023
:10C670000300EBF71BFCFEF73DFCECF7BDFE0028CA
:10C68000FBD0052301A902208DF80230FBF78CFABC
:10C69000019B8A225A70019801220DF10201023099
:10C6A00001F09AF90198FBF799FABAE73F4B404835
:10C6B0004149C01AC008000440F00300EBF7F6FB44
:10C6C000ECF76AFEECF798FE0028FBD1A9E700F131
:10C6D0000902D0F80510D0F80100FFF7EBF9A0B976
:10C6E0008DF8010007238DF8023001A90220FBF725
:10C6F0005BFA019B8A225A70019801220DF1020116
:10C70000023001F069F90122A6E701238DF801301A
:10C71000E8E7264B264D2949ED1AED082D0445F092
:10C7200003052846EBF7C2FBD4F80100FFF784F8B5
:10C73000234902462846EBF7BDFB72E7EAF712FFF2
:10C740001B4B8DF80100024618481E491B1ADB08D6
:10C750001B0443F00300EBF7ADFB0C238DF8023014
:10C7600001A90320C3E74A1F411DD0F80100FFF7CC
:10C7700093F856E70E4C0D4B1349E41AE4082404D1
:10C7800044F003042046EBF791FBEBF73FFA002857
:10C79000FBD1FFF7A7F80D492046EBF787FB40E7F1
:10C7A000C27881784078EAF7FFFD3AE7A8F3030002
:10C7B000B8F30300E4F10300EFF10300FBF1030021
:10C7C0000AF2030024F2030036F2030048F20300E9
:10C7D00010B50120F8F778FE0020FAF707F90446B3
:10C7E00048B9FAF71EF918B1044A9B21ECF766FF25
:10C7F0000348FAF711FF204610BD00BF58F20300AE
:10C80000E9C503001FB50223019003A906208DF896
:10C810000B30FBF7C9F9039B06221A70039B8A228F
:10C820005A7003980DF10B010122023001F0D4F887
:10C83000039804220DEB0201033001F0CDF80398B8
:10C84000FBF7CCF905B05DF804FBC0F30C038B4299
:10C85000084438BFA0F50050C01A7047F0B50D4B22
:10C860000D4A1E6800218E4212D0156800230AE08E
:10C8700052F8044C04EBC30714F83340844201D14E
:10C880007868F0BD01339D42F2D101310832EAE708
:10C890000020F6E7046900200C69002000B58DB087
:10C8A00048B9991C07D0012168468DF80010CDE9E0
:10C8B0000132F3F707FB034B1868F5F787F90DB062
:10C8C0005DF804FB1069002010B50378044613B925
:10C8D0007846FEF7FDFA607A431C01209840013843
:10C8E00010BD2DE9F0410E468EB015461C46074698
:10C8F00010B97846FEF7ECFA16B97846FEF7E8FA72
:10C90000636AA27802330593E378A2F10800002B52
:10C9100014BF012102210DF1040842424241434665
:10C9200004F10C00F5F785FAA3788DF83430237BF9
:10C93000ADF82050022B16FA85F5CDE906870B9647
:10C940000C950FD1236913B97846FEF7C1FA236914
:10C950000993102305A8ADF82830F5F766FA0EB054
:10C96000BDE8F0810023F5E7264B2DE9F04781462D
:10C970000F4692460025984693F848605EB95046A7
:10C980007024F7F70AFC04FB0584E06648B900242C
:10C990002046BDE8F0870135042D03F17003EBD18B
:10C9A000F5E730224946204601F016F8012FE664EB
:10C9B000A4F84AA01BD1144BA4F852601B7D84F844
:10C9C000513084F85060D9F8283063656FF0010366
:10C9D000A3620E4BA4F85860A36324640120FEF701
:10C9E0005BFE702303FB058585F84870D0E76FF088
:10C9F0000103A362064BA36584F868602466054BB7
:10CA0000EAE700BF2C69002014690020A9CF0300C9
:10CA100051D40300A1CF030010B50446C06EF7F750
:10CA2000BEFB04F13000F4F737FB94F84830022BDA
:10CA300003D104F15000F4F72FFB204670220021AF
:10CA400000F0D8FF002084F84800BDE81040FEF751
:10CA500023BE10B590F84830012B8CB0044602D0AC
:10CA60007846FEF735FA01238DF80030636D0193A7
:10CA7000F4F74AFB02906846F3F724FA2046FFF7E2
:10CA8000CBFF0CB010BD10B50446808AF3F7A4FFAD
:10CA900001281CD1237BD3B194F91620002A18DB7E
:10CAA000E27D5AB1022B12D094F90330002B10DB37
:10CAB000A378002B0CBF0020072010BDE2780AB934
:10CAC000012B06D1237833B9A378042BF2E7102089
:10CAD000F3E70720F1E70020EFE770B504468CB0DC
:10CAE0002378808AD4E90612E3B1E388FFF78AF954
:10CAF0000546A0B1302200216846A68AE46900F00C
:10CB000079FF0F238DF800304FF0000364F300032A
:10CB10006846ADF804608DF80630F3F7D3F928467F
:10CB20000CB070BDFFF76CF9E2E7C37D0A7830B551
:10CB3000002B3DD0C37822F07F0203F07F031A431D
:10CB40000A700B78027803F07F0343EAC2130B707C
:10CB5000037863B38378083B5A425A414B7803F019
:10CB60007F0343EAC2134B708A78C58802F0030240
:10CB7000C5F3861442EA850223F07F032343D2B231
:10CB80008A704B70CB78057A03F01F03C5F3C1049C
:10CB900022F0030243EA45132243DBB2CB708A70D2
:10CBA000427A23F01F0302F01F021343CB7030BD03
:10CBB000C47822F0400343EA8413DBB20B7002799D
:10CBC00023F03F0302F03F0213430B70B9E72DE956
:10CBD000F04F044689B00F4609B100230B6004F101
:10CBE0000C0394F8505001934FF001084FF0000BE4
:10CBF000627AAA4203D2002009B0BDE8F08FE16C4E
:10CC000008FA05F30B4259D1E37D2572002B0CBFC6
:10CC10000C260826954206FB05FA237808BFB4F8CF
:10CC20004A608DF818B008BFA6EB0A06002B14BFA7
:10CC30004FF004094FF0010906EB09030493019B2F
:10CC40000293A36A039302A8E36A0593F5F789FAAE
:10CC50000028D1D1079B994445B994F853302BB99A
:10CC6000A36984F85380C3F30C03E380E37D8BB99D
:10CC700094F8523073B915B17846FEF729F9B4F833
:10CC80004A10A2788A1AE16E23460846FFF729FE69
:10CC900084F8528007992046FFF747FFE16E32463D
:10CCA0005144484600F098FE02A8F5F77BFA17B108
:10CCB0003B6801333B606B1C84F850300135EDB2AA
:10CCC00096E7000038B590F84830012B044602D0B2
:10CCD0007846FEF7FDF8F4F717FA237B074A012B95
:10CCE00005BFD2E90315A37DD16805FB03110144FB
:10CCF00004F13000BDE83840F4F7E1B914690020D0
:10CD0000F7B5C37D16468278002B324414BF4FF42A
:10CD100080734FF4C07393420F4633D31B4B0024F0
:10CD200093F84810012907D19D8A818A8D4203D149
:10CD3000DD89C1898D4227D00134042C03F17003B1
:10CD4000EED10121FFF710FE0546A0B1324639466B
:10CD5000C06E00F041FE002301A928460193FFF7B1
:10CD600036FF30F00406044608D1019C1CB1284669
:10CD7000FFF7A8FF3446204603B0F0BD2846FFF772
:10CD80004BFEF8E70924F6E70824F4E72C690020B5
:10CD90002DE9F04F9A4613789769F5B00546884615
:10CDA000144623B1D1883846FFF74FFD9061E378F0
:10CDB000A278002BA2F1080004AE14BF01210221C9
:10CDC00004F10C094242334642414846F5F731F836
:10CDD000A278A7611FFA88F8A8EB02039BB2CDE9FD
:10CDE00009651D44E6780F9514AF0025ADF82C3089
:10CDF0000E978DF84020ADF83450002E6DD002AE65
:10CE0000237B6562022B08BF1023C6E9005502BFD1
:10CE1000ADF8343023690C9303AB32462179206A94
:10CE2000F1F74AFB3368002B4BD002330DF10701B9
:10CE300008A88DF807500893F4F7F9FF9DF807202C
:10CE4000002A38D000230CE002330DF1070108A8B6
:10CE500008938DF80720F4F7EAFF9DF807306BB3CD
:10CE6000012356F8233063622046FFF736FE002880
:10CE700030D1A2780C908DF8200099E80300A38AA5
:10CE8000ADF82E30A8EB02080DAB01228DF82C2056
:10CE900083E80300A37D8DF84430236A0F93636A0F
:10CEA0001093A369099708A8ADF82880CDE9123A34
:10CEB000F3F708F80EE07368002BC5D13368002B38
:10CEC000AAD1237B022B05D14946E089F1F7F4FB77
:10CED000002895D175B0BDE8F08F237B012BF9D1E7
:10CEE000E389ADF80830A38AADF80A3002ADB34645
:10CEF000214635F8020B41F824BFF1F757FB636A6E
:10CF00008DF807B033B102330DF1070108A808937B
:10CF1000F4F78DFF9DF80730002BA5D1002ED9D155
:10CF20000126E5E7F0B50D468DB0044610B9784608
:10CF3000FDF7CEFF94F84830022B19D1E188A069A3
:10CF4000FFF783FCE1690A061618134A4FEA11231A
:10CF500043F10007136830465E1C166003F00703B8
:10CF60000E4A1B013946D618A78AD752C6E90201D4
:10CF7000302200216846666D00F03CFD10236846B3
:10CF80008DF8003001968DF80850F2F79BFF20468F
:10CF9000FFF742FD0DB0F0BD006900208068002061
:10CFA00008460021FFF7BEBF10B591F84830012BAD
:10CFB0000C4602D07846FDF78BFF94F851305BB1F8
:10CFC000013B84F85130002384F85030084BBDE811
:10CFD00010401868F4F7FABD217B0129204603D1DF
:10CFE000BDE81040FFF79EBFBDE81040FFF731BD20
:10CFF000106900202DE9F04106468AB010460F4620
:10D0000015469846FFF769FD90BBEC78002C57D188
:10D01000062F2DD137787378BA0102F4FE5242EA16
:10D020009302384B1C4693F8481001291BD1B3F8E2
:10D0300014C0E9898C4516D1D988914213D1B3F82F
:10D0400058C0A98ABCF1000F01D08C450BD117F054
:10D05000800FD6F802204FF070030CD003FB004382
:10D06000A3F858100CE00130042803F17003DAD162
:10D070000AB0BDE8F08103FB0043DB898B42F7D1A6
:10D0800013BA702202FB0044E56C1D43E56423B92A
:10D0900003212046FFF746FFEAE72046FFF714FC8E
:10D0A000854203D12046FFF7D4FCE1E7002184F854
:10D0B00050102046FFF78BFD2046FFF703FED7E711
:10D0C0002046FFF7CBFB03460028D1D005F10C0129
:10D0D0002A6A079203C9AA8AADF8122005AA82E833
:10D0E0000300AA7D8DF820202A788DF81020EA6AA6
:10D0F0008DF80440CDE902670992414601A898479E
:10D10000B6E700BF2C6900202DE9F04183789046F6
:10D110001344C27D002A14BF0B220F22934286B013
:10D1200004460F462FD8024612F80C1B0092002925
:10D1300014BF042501252B440293836A0193C36A1B
:10D140000393684600238DF81030F5F70AF8064679
:10D1500070B9059920460D44FFF7E7FCE37D5BB10C
:10D1600042463946284600F037FC6846F5F71AF87B
:10D17000304606B0BDE8F08123464246294638468F
:10D18000FFF7AFFBF1E70926F2E7000010B54FF417
:10D19000E0720021134800F02DFC0024FEF72EFE63
:10D1A000114B12481C602146802200F023FC104BDA
:10D1B0001049114A11489C75C3E9001210494CF2FC
:10D1C0005032C3E902211A6140F604029A82F4F750
:10D1D000DFFC0C4B18600C4B0C481C60BDE8104089
:10D1E000F5F7D8BD2C690020006900208068002078
:10D1F0001469002080969800F049020069D8030065
:10D2000020A1070010690020046900209DC80300C8
:10D21000FEF7F5BD30B504468DB000286BD003692C
:10D22000002B68D0C369002B65D08569002D62D0C2
:10D230005A788DF804201A780993838A82F00102C3
:10D240000B2B8DF80320027B09D90121022A8DF8CE
:10D25000001001D1294A927D5AB904220AE0C17A0C
:10D260000029F2D1012A0CBF012200228DF80020F2
:10D270003AD1082213448DF802200B330C22B3FB61
:10D28000F2F3013B8DF8093000238DF8083094E863
:10D29000030000238DF8173003AB83E803002389D4
:10D2A000ADF81430A37A8DF81630236A0A9320461D
:10D2B000DF2308950B93F1F7AFFA28B12378012B00
:10D2C00014BFFF2320230B9368462569A48AFFF728
:10D2D000DAFB38B99DF800302246294668463BB152
:10D2E000FFF70EFD0DB030BD04238DF80230CEE700
:10D2F000FFF70AFFF6E70E20F4E700BF14690020ED
:10D30000F0B503468DB00F46002843D04568002D88
:10D3100040D08669002E3DD0846802788DF80320C5
:10D320000B2C4FF00002099294BF027B012202F005
:10D33000010100208DF800108DF8020032B1E11DCE
:10D34000C90801398DF809108DF8080003F11001A2
:10D3500003C901228DF8172003AA82E80300DA89A5
:10D36000ADF814201A7F1B6A089668468DF81620BF
:10D37000CDE90A73FFF787FB38B99DF800302246E4
:10D38000294668461BB1FFF7BBFC0DB0F0BDFFF7A7
:10D39000BBFEFAE70E20F8E7F0B5077B012F8FB050
:10D3A00004460D464FD102AE0B220021304600F05C
:10D3B00021FB9DF80930E2888DF8247003F0030307
:10D3C00043EA82038DF809302B0E8DF80A302B0CBE
:10D3D0008DF80B3063780696022B0CBF8023002358
:10D3E000C2F3861242EA03024FF006030793A38AB0
:10D3F000ADF826304FF000036DBA8DF808200A937F
:10D400008DF81430226A8DF82030E36AADF80C50A4
:10D410000B920D9315D10DF1060101A8F1F7ECF96E
:10D42000BDF80430ADF82230A37D0BB1074B5B7D16
:10D430008DF830306FF0010105A8FFF761FF0FB0E4
:10D44000F0BDE389EEE70020F9E700BF1469002092
:10D4500010B591F84830022B0C4602D07846FDF703
:10D4600037FD022384F8683094F84830022B06D147
:10D47000E16C2046FFF790FF08B984F8680010BD02
:10D480002DE9F04F0D469DB01446984606460028FB
:10D4900000F0E081002A00F0DD8121B9092738463B
:10D4A0001DB0BDE8F08F1822214607A800F094FABD
:10D4B0003378002059B2CA0F81428DF81020B4BFD2
:10D4C0000422012295428DF81100E7D39DF82770C0
:10D4D000EFB103F07F0381428DF813308DF8120015
:10D4E0002EDA7278B378920102F4FE5242EA930285
:10D4F000ADF81620DB00F27803F0180343EA52136C
:10D5000002F01F028DF818308DF8192018E0C3F3CF
:10D510008010002903F03F038DF813008DF81430BC
:10D5200008DA96F90130002BB4BF082304238DF8E4
:10D530001230D6E704231A4495428DF81230ADD349
:10D5400000230D9398F80030032B02D97846FDF79D
:10D55000BFFC98F80020C04B04A853F822300F936A
:10D56000FFF791FA0746002899D1082201460DEBF2
:10D57000020000F03FFA02A96088F1F79DF828B197
:10D580009DF8113043F001038DF81130D4E90312F6
:10D590002089FEF739FC002857D19DF81130002B67
:10D5A0003FF47DAF13F001031CBF039A08929DF86E
:10D5B0001020002A00F03C81BDF816100A98FFF7F1
:10D5C00044F90B9BBDF824C04FEA03694FEA132AC4
:10D5D00019EB00034AF10004CDE900349F48002113
:10D5E0000388634508D1D0E90223DDE9009A9A4512
:10D5F00008BF91453FF453AF0131082900F11000F5
:10D60000EED1974B00241A4693F84810022925D1F1
:10D61000998A614522D1702303FB0424E188A06923
:10D62000FFF713F9E1690A0612EB00094FEA11232B
:10D6300043F1000ADDE900239A4508BF914533D242
:10D6400005212046FFF76EFC0DE09DF8113003F038
:10D65000FE038DF81130002B9FD120E70134042CFC
:10D6600003F17003D0D1BDF81630BDF82400DDE918
:10D670000A12FEF7CBFB002800F09D80BDF81630A3
:10D68000BDF82400DDE90A12FEF7C2FB00283FF4D2
:10D6900006AF04A8FFF718F9014604A8FFF77CFEBF
:10D6A00004A8FFF71AFAFAE6DDE90023534508BF9C
:10D6B0004A45FFF4F4AE94F84830022B02D0784685
:10D6C000FDF706FCDFF89C91D9F800A0F3F71CFDEC
:10D6D0000AEB000104F13000F3F7F1FC237B012B8E
:10D6E0001AD194F86830BBB994F84830022B02D0B4
:10D6F0007846FDF7EDFBD9E9013299F8151002FBE8
:10D700000139F3F701FD00EB090104F15000F3F7D3
:10D71000D6FC012384F868309DF81810E36C0122D0
:10D720008A4013427FF4BBAE1343E3649DF8273075
:10D73000627A002B14BF4FF008094FF00C098A429F
:10D74000A5F1040509FB01F962D109EB0503A4F871
:10D750004A30A2690A9B9A420BD20DF11C0EBEE818
:10D760000F0004F10C0CACE80F009EE803008CE8FD
:10D770000300E06E2A46311D484400F02DF9204692
:10D78000E56CFFF7A1F885427FF489AEE16C204695
:10D79000FFF702FE6378DB0709D5E37DE06EB4F89E
:10D7A0004A10002B3FD043462246FFF723FC204679
:10D7B000FFF732F973E69DF827209DF81930002A0B
:10D7C00014BF08220C2203FB022214BF4FF4807303
:10D7D0004FF4C0739A423FF662AE022104A8FFF7ED
:10D7E000C3F8044600287FF466AF014604A8FFF79B
:10D7F000D3FD3022214610A800F0FCF810238DF84C
:10D80000403010A802238DF84830F2F75BFB46E663
:10D81000002B14BF08230C239D429AD004212046DC
:10D82000FFF780FB3BE643462246FFF7B1FABEE72F
:10D83000002B3FF434AE9DF82730701C691E23B1D5
:10D84000434604AAFFF7D6FB29E6434604AAFFF79E
:10D850009FFA24E60E2722E66CF20300806800207F
:10D860002C69002014690020F7B5184C00262546C5
:10D87000374695F84830012B0BD101A9284601976E
:10D88000FFF7A5F9042801D0019B13B12846FFF743
:10D8900019FA0136042E05F17005EAD1002594F835
:10D8A0004830022B0AD194F86830022B06D1E16C83
:10D8B0002046FFF771FD08B984F868000135042D92
:10D8C00004F17004EBD1012003B0F0BD2C690020FD
:10D8D0002DE9F84388460746F0B1124E3468CCB9BA
:10D8E000254600F10409454507D10F4BC3E90075F2
:10D8F000012333602046BDE8F88359F835305BB129
:10D9000017F83500030609D450B1FEF7A7FF38B960
:10D910000135E8E70424EDE70E24EBE70B24E9E703
:10D920000F24E7E7046900200869002008B5074BC9
:10D93000044613B10021AFF30080054B1868836AD9
:10D9400003B19847204600F041F900BF00000000F5
:10D9500080F3030070B50D4D0D4C641BA410002620
:10D96000A64209D10B4D0C4C00F0B4FA641BA41074
:10D970000026A64205D170BD55F8043B98470136F4
:10D98000EEE755F8043B98470136F2E7002F0020F8
:10D99000002F0020002F0020042F0020024B014602
:10D9A000186800F07DB800BF9C2E0020024B014695
:10D9B000186800F027B800BF9C2E002030B5013950
:10D9C0000024A24201D1002005E0035D01340D5D79
:10D9D000AB42F6D0581B30BD0A44914200F1FF33F0
:10D9E00000D1704710B511F8014B03F8014F914277
:10D9F000F9D110BD02440346934200D1704703F8A9
:10DA0000011BF9E738B50546002945D051F8043C1B
:10DA10000C1F002BB8BFE41800F0BCF81F4A1368B5
:10DA2000104633B9636014602846BDE8384000F002
:10DA3000B7B8A3420CD921686218934204BF1A6890
:10DA40005B68636004BF521822600460ECE7134611
:10DA50005A680AB1A242FAD919685818A0420BD1E3
:10DA600020680144581882421960DDD1106852685C
:10DA70005A6001441960D7E702D90C232B60D3E721
:10DA8000206821188A4204BF11685268626004BF8E
:10DA9000091821605C60C7E738BD00BFEC6A002050
:10DAA000F8B5CD1C25F0030508350C2D38BF0C2525
:10DAB000002D064601DBA94203D90C233360002068
:10DAC000F8BD00F067F821490A6814469CB9204F58
:10DAD0003B6823B92146304600F03CF838602946BF
:10DAE000304600F037F8431C23D10C233360304616
:10DAF00000F056F8E3E723685B1B17D40B2B03D920
:10DB000023601C44256004E06368A2420CBF0B60E4
:10DB10005360304600F044F804F10B00231D20F060
:10DB20000700C21ACCD01B1AA350C9E7224664686A
:10DB3000CCE7C41C24F00304A042E3D0211A3046F1
:10DB400000F008F80130DDD1CFE700BFEC6A00201B
:10DB5000F06A002038B5064C0023054608462360CD
:10DB600000F026F8431C02D1236803B12B6038BDB6
:10DB70007C6B0020034611F8012B03F8012B002ACF
:10DB8000F9D17047034613F8012B002AFBD1181A6C
:10DB900001387047014800F009B800BF846B0020CD
:10DBA000014800F004B800BF846B00207047704744
:10DBB000044A05491368002B08BF0B46184410603F
:10DBC00018467047F46A0020906B0020FEE700BF03
:10DBD00053B94AB9002908BF00281CBF4FF0FF31D4
:10DBE0004FF0FF3000F074B9ADF1080C6DE904CED0
:10DBF00000F006F8DDF804E0DDE9022304B0704728
:10DC00002DE9F047089E04468846002B40F08580A9
:10DC10008A42154648D9B2FA82F24AB1C2F12007C7
:10DC200001FA02F320FA07F7954047EA0308944007
:10DC30004FEA154E230CB8FBFEF71FFA85FC0EFBCE
:10DC4000178843EA084307FB0CF1994209D9EB18FE
:10DC500007F1FF3080F0E380994240F2E080023F1C
:10DC60002B445B1AA4B2B3FBFEF00EFB103344EA64
:10DC7000034400FB0CFCA44509D92C1900F1FF3327
:10DC800080F0CB80A44540F2C88002382C4440EAA2
:10DC90000740A4EB0C0400271EB1D4400023C6E9C2
:10DCA00000433946BDE8F087002A53D0B2FA82F229
:10DCB000002A40F0B680491B4FEA154E1FFA85F83E
:10DCC0000127B1FBFEFC230C0EFB1C1143EA0143B0
:10DCD00008FB0CF1994207D9EB180CF1FF3002D286
:10DCE000994200F2EC808446591AA3B2B1FBFEF0CF
:10DCF0000EFB101443EA044408FB00F8A04507D9C2
:10DD00002C1900F1FF3302D2A04500F2DC80184646
:10DD1000A4EB080440EA0C40BEE78B4208D9002E71
:10DD200078D00027C6E9000138463946BDE8F087BB
:10DD3000B3FA83F77FB98B4202D3824200F2BD80EF
:10DD4000841A61EB030301209846002EA9D0C6E98E
:10DD50000048A6E7FFDEC7F12005BB4022FA05FC1C
:10DD60004CEA030C01FA07F420FA05F821FA05F34E
:10DD70004FEA1C4E48EA0404B3FBFEF9210C0EFBEB
:10DD800019331FFA8CF841EA034309FB08FA9A4554
:10DD900002FA07F200FA07F10BD91CEB030309F1B1
:10DDA000FF3080F088809A4540F28580A9F1020911
:10DDB0006344A3EB0A03A4B2B3FBFEF00EFB1033E3
:10DDC00044EA034400FB08F8A04508D91CEB04040E
:10DDD00000F1FF336BD2A04569D90238644440EAB0
:10DDE0000940A4EB0804A0FB02894C45C6464B46FB
:10DDF00054D351D0002E69D0B1EB0E0264EB030472
:10DE000004FA05F522FA07F3FC401D43C6E9005465
:10DE1000002746E73746304643E7184637E70746C8
:10DE20001FE7C2F1200320FA03F7954001FA02F040
:10DE300021FA03F34FEA154E3843010CB3FBFEF70A
:10DE40001FFA85F80EFB173341EA034107FB08F37D
:10DE50008B4204FA02F407D9691807F1FF3C28D273
:10DE60008B4226D9023F2944CB1A81B2B3FBFEF084
:10DE70000EFB103341EA034100FB08F38B4207D944
:10DE8000691800F1FF3C10D28B420ED902382944A8
:10DE9000C91A40EA074714E74145ABD2B8EB020E76
:10DEA00069EB0C0201381346A4E76046F0E7184618
:10DEB00095E76746D8E781467BE7384645E7ACF10A
:10DEC000020C2B4410E702382C4421E73746E8E6E1
:10DED000704700BFF8B500BFF8BC08BC9E4670474D
:10DEE000F8B500BFF8BC08BC9E467047021F1DFF76
:10DEF000FFFFFFFF6C69622F68776D2F7372632FCE
:10DF00006C6564732E63006C656473000201016CC0
:10DF100069622F66772D626F6F746C6F61646572D2
:10DF20002F6170692F626F6F746C6F616465722E00
:10DF30006300557064617465207265626F6F742C44
:10DF40002025640000000000000000000000000028
:10DF50000338FDD870470000B97802002579020027
:10DF6000B57802007274745F6C6F675F6261636B97
:10DF7000656E6400B83400207F0000003835002052
:10DF80004261636B656E647320666C75736865646B
:10DF90000061707000000000CBDF030014E003009C
:10DFA000D3DF03001CE0030024E003002CE00300A7
:10DFB00034E003003CE0030044E00300202530325D
:10DFC0007800202020007C002563001B5B306D0062
:10DFD0002573001B5B313B33316D0025734C6F673C
:10DFE000732064726F70706564202825642925731E
:10DFF0000D0A003C25733E2025733A2000000000E6
:10E000000000000046E803004CE0030054E0030079
:10E0100059E003001B5B313B33306D001B5B313B30
:10E0200033326D001B5B313B33336D001B5B313B87
:10E0300033346D001B5B313B33356D001B5B313B73
:10E0400033366D001B5B313B33376D007761726E89
:10E05000696E6700696E666F00646562756700309F
:10E0600031323334353637383941424344454655E9
:10E070006E6B6E6F776E206572726F7220636F6465
:10E080006500000000000000ACE10300010000009A
:10E09000B8E1030002000000D6E103000300000025
:10E0A000F7E10300040000000AE20300050000009D
:10E0B0001BE20300060000002FE20300070000003F
:10E0C00047E20300080000005FE2030009000000CF
:10E0D00077E203000A00000090E203000B0000005A
:10E0E000A8E203000C000000BFE203000D000000E6
:10E0F000D3E203000E000000E5E203000F00000081
:10E10000F4E203001000000008E303001100000027
:10E110001FE30300120000002EE3030013000000C1
:10E1200043E303008000000057E303008100000088
:10E1300078E303008200000094E303008300000002
:10E14000B0E3030084000000CEE30300850000007C
:10E15000EFE303008600000014E4030090000000D9
:10E160002BE403009100000049E40300920000004A
:10E1700067E40300008200007CE4030001820000E9
:10E180009AE4030002820000B6E403000084000069
:10E19000D2E4030001840000F6E4030002840000DE
:10E1A00020E503000384000045E503004E52465F6E
:10E1B00053554343455353004E52465F4552524FC9
:10E1C000525F5356435F48414E444C45525F4D4960
:10E1D0005353494E47004E52465F4552524F525F8D
:10E1E000534F46544445564943455F4E4F545F454F
:10E1F0004E41424C4544004E52465F4552524F52AA
:10E200005F494E5445524E414C004E52465F455276
:10E21000524F525F4E4F5F4D454D004E52465F4547
:10E2200052524F525F4E4F545F464F554E44004E30
:10E2300052465F4552524F525F4E4F545F535550B6
:10E24000504F52544544004E52465F4552524F5231
:10E250005F494E56414C49445F504152414D004E3A
:10E2600052465F4552524F525F494E56414C4944C7
:10E270005F5354415445004E52465F4552524F52EF
:10E280005F494E56414C49445F4C454E4754480007
:10E290004E52465F4552524F525F494E56414C498D
:10E2A000445F464C414753004E52465F4552524FE1
:10E2B000525F494E56414C49445F44415441004EDF
:10E2C00052465F4552524F525F444154415F534959
:10E2D0005A45004E52465F4552524F525F54494D87
:10E2E000454F5554004E52465F4552524F525F4E75
:10E2F000554C4C004E52465F4552524F525F464F6E
:10E300005242494444454E004E52465F4552524F98
:10E31000525F494E56414C49445F41444452004E7D
:10E3200052465F4552524F525F42555359004E522A
:10E33000465F4552524F525F434F4E4E5F434F55DB
:10E340004E54004E52465F4552524F525F52455313
:10E350004F5552434553004E52465F4552524F521D
:10E360005F4D4F44554C455F4E4F545F494E4954A5
:10E3700049414C495A4544004E52465F4552524F1E
:10E38000525F4D555445585F494E49545F46414987
:10E390004C4544004E52465F4552524F525F4D55D8
:10E3A0005445585F4C4F434B5F4641494C454400F0
:10E3B0004E52465F4552524F525F4D555445585F3D
:10E3C000554E4C4F434B5F4641494C4544004E52DD
:10E3D000465F4552524F525F4D555445585F434F2B
:10E3E0004E445F494E49545F4641494C4544004EB6
:10E3F00052465F4552524F525F4D4F44554C455F18
:10E40000414C52454144595F494E495449414C4958
:10E410005A4544004E52465F4552524F525F535444
:10E420004F524147455F46554C4C004E52465F4562
:10E4300052524F525F4150495F4E4F545F494D50C9
:10E440004C454D454E544544004E52465F45525250
:10E450004F525F464541545552455F4E4F545F45BC
:10E460004E41424C4544004E52465F4552524F5237
:10E470005F494F5F50454E44494E47004E52465FFC
:10E480004552524F525F4452565F5457495F45526E
:10E49000525F4F56455252554E004E52465F4552BE
:10E4A000524F525F4452565F5457495F4552525F34
:10E4B000414E41434B004E52465F4552524F525FD0
:10E4C0004452565F5457495F4552525F444E414350
:10E4D0004B004E52465F4552524F525F424C455F91
:10E4E000495053505F52585F504B545F5452554EF1
:10E4F0004341544544004E52465F4552524F525F8D
:10E50000424C455F495053505F4348414E4E454C45
:10E510005F414C52454144595F455849535453005B
:10E520004E52465F4552524F525F424C455F4950F2
:10E5300053505F4C494E4B5F444953434F4E4E45F9
:10E5400043544544004E52465F4552524F525F423B
:10E550004C455F495053505F504545525F52454AC4
:10E560004543544544004750494F54450050574D8A
:10E570000000000090F3030098F30300080000007F
:10E580006E72665F7364685F736F630073645F626B
:10E590006C655F6366675F736574282920726574B4
:10E5A00075726E6564202573207768656E206174CE
:10E5B00074656D7074696E6720746F207365742064
:10E5C000424C455F434F4E4E5F4346475F47415085
:10E5D0002E0073645F626C655F6366675F7365746A
:10E5E00028292072657475726E6564202573207702
:10E5F00068656E20617474656D7074696E672074EF
:10E600006F2073657420424C455F4741505F43461D
:10E61000475F524F4C455F434F554E542E00736435
:10E620005F626C655F6366675F736574282920723B
:10E63000657475726E6564202573207768656E2039
:10E64000617474656D7074696E6720746F20736592
:10E650007420424C455F434F4E4E5F4346475F47F1
:10E660004154542E0073645F626C655F6366675F3C
:10E6700073657428292072657475726E656420252F
:10E6800073207768656E20617474656D7074696E4F
:10E690006720746F2073657420424C455F434F4D73
:10E6A0004D4F4E5F4346475F56535F555549442E85
:10E6B0000073645F626C655F6366675F736574288F
:10E6C000292072657475726E6564202573207768E1
:10E6D000656E20617474656D7074696E6720746F07
:10E6E0002073657420424C455F47415454535F4347
:10E6F00046475F415454525F5441425F53495A4523
:10E700002E0073645F626C655F6366675F73657438
:10E7100028292072657475726E65642025732077D0
:10E7200068656E20617474656D7074696E672074BD
:10E730006F2073657420424C455F47415454535FCA
:10E740004346475F534552564943455F4348414E10
:10E750004745442E00496E73756666696369656E48
:10E76000742052414D20616C6C6F6361746564204C
:10E77000666F722074686520536F667444657669AD
:10E7800063652E004368616E67652074686520527A
:10E79000414D207374617274206C6F636174696F92
:10E7A0006E2066726F6D203078257820746F20306F
:10E7B0007825782E004D6178696D756D2052414D38
:10E7C0002073697A6520666F72206170706C69636E
:10E7D0006174696F6E20697320307825782E00731C
:10E7E000645F626C655F656E61626C65282920728A
:10E7F000657475726E65642025732E0088F30300BE
:10E8000090F30300080000006E72665F7364685F37
:10E81000626C6500A8F30300A8F303000800000081
:10E8200098F30300A8F303000800000098F3030026
:10E8300098F30300080000006E72665F736468005E
:10E84000466174616C206572726F720053797374E3
:10E85000656D2072657365740000000000000000A3
:10E860000338FDD870472E2E2F2E2E2F73646B2F5A
:10E870006E7266355F53444B5F666F725F4D6573B2
:10E88000685F76352E302E305F7372632F65787433
:10E8900065726E616C2F6170705F74696D65722F47
:10E8A0006170705F74696D65725F776F726B6172B2
:10E8B0006F756E642E630000203700200820000171
:10E8C000FFFFFFFFFFFFFFFFFFFFFFFF0000000054
:10E8D000000000000000000001000000FFFFFFFF3B
:10E8E000512563FCC2CAB9F3849E17A7ADFAE6BCF2
:10E8F000FFFFFFFFFFFFFFFF00000000FFFFFFFF24
:10E9000096C298D84539A1F4A033EB2D817D0377C9
:10E91000F240A463E5E6BCF847422CE1F2D1176B64
:10E92000F551BF376840B6CBCE5E316B5733CE2B37
:10E93000169E0F7C4AEBE78E9B7F1AFEE242E34F66
:10E940004B60D2273E3CCE3BF6B053CCB0061D65A3
:10E95000BC86987655BDEBB3E7933AAAD835C65A2C
:10E96000799F020025A10200CBA002009DA1020018
:10E970005465726D696E616C005254540053454782
:10E9800047455200A086010040420F008096980043
:10E990000046C32302000100020000300200001004
:10E9A000020000200200004000011C021D0E18039E
:10E9B0001E16140F191104081F1B0D17151310072D
:10E9C0001A0C12060B050A09080008000A002000AC
:10E9D0000800010001000100020001000010010018
:10E9E0000020010000300100004001000050010043
:10E9F00000D0010000E0010000F000011C021D0E2B
:10EA000018031E16140F191104081F1B0D171513D8
:10EA100010071A0C12060B050A09080420080480C6
:10EA20000406080A0C0E10121416181C1E202224AC
:10EA300026282A2C2E30323436383A3C3E40424486
:10EA400046484A4C4E021A50252627000300000073
:10EA500000000000000000000000000001010203AF
:10EA6000FA00F401960064004B0032001E0014000E
:10EA7000736D6B32736D6B336964363401736D6B18
:10EA800034696436016964313238010003000001E1
:10EA9000030007010A0000002530030003000601FF
:10EAA0006E6B626B00000100653D0300A93C030032
:10EAB000793C03000300000103000201030004018C
:10EAC00041400300E93F0300A93F0300252627003A
:10EAD000011C021D0E18031E16140F191104081F25
:10EAE0001B0D17151310071A0C12060B050A090245
:10EAF0000C06410111112201020003000002303115
:10EB00003233343536373839414243444546474835
:10EB1000494A4B4C4D4E4F505152535455565758ED
:10EB2000595A0000000000000A00000064000000C4
:10EB3000E803000010270000A086010040420F00FB
:10EB40008096980000E1F5050A0A80410A820A0AC7
:10EB5000C30A0A0A850A0AC544C687480A0A7072A7
:10EB6000636B007072736B007072736E007072640E
:10EB70006B0000002D570300E156030065550300AC
:10EB80009B550300B55C03005D5C0300335B030031
:10EB9000095B03000091E3720796E4750E9FED7C1C
:10EBA0000998EA7B1C8DFF6E1B8AF8691283F1605D
:10EBB0001584F66738A9DB4A3FAEDC4D36A7D5444D
:10EBC00031A0D24324B5C75623B2C0512ABBC9587D
:10EBD0002DBCCE5F70E1930277E694057EEF9D0C2D
:10EBE00079E89A0B6CFD8F1E6BFA881962F381101D
:10EBF00065F4861748D9AB3A4FDEAC3D46D7A5340D
:10EC000041D0A23354C5B72653C2B0215ACBB9283C
:10EC10005DCCBE2FE0710392E7760495EE7F0D9CEC
:10EC2000E9780A9BFC6D1F8EFB6A1889F2631180DC
:10EC3000F5641687D8493BAADF4E3CADD64735A4CC
:10EC4000D14032A3C45527B6C35220B1CA5B29B8FC
:10EC5000CD5C2EBF900173E2970674E59E0F7DECAC
:10EC600099087AEB8C1D6FFE8B1A68F9821361F09C
:10EC7000851466F7A8394BDAAF3E4CDDA63745D48C
:10EC8000A13042D3B42557C6B32250C1BA2B59C8BC
:10EC9000BD2C5ECF05690300AD640300496003002D
:10ECA00005640300CD620300E00400007B6D0300F7
:10ECB000E1020000556D0300E2040000316D030025
:10ECC000E3020000116D0300E4040000EF6C030098
:10ECD000E5040000CD6C0300E6020000716C030047
:10ECE000E70400004F6C0300E80400002D6C0300F3
:10ECF000E9020000D16B0300EA040000AF6B0300DF
:10ED0000EB020000896B0300EC030000676B03005B
:10ED1000ED0200004B6B0300EE040000296B0300C2
:10ED2000EF020000036B0300F0020000E76A03003B
:10ED3000F1020000CB6A0300F2020000AB6A03009C
:10ED4000F3060000836A0300F4020000276A030050
:10ED50000200FE000F78030003000000BB760300F2
:10ED600009000000A17603000A000000C776030036
:10ED70000E000000F577030010011F0085770300E7
:10ED8000110100004177030012070000CD76030057
:10ED9000130100003D7803001400000075760300A5
:10EDA0001500000051760300FC0000001D790300EF
:10EDB000FD06F8002D7A0300FE02FC00D179030065
:10EDC000001F0000E5780300405F0000C16D0300F4
:10EDD000708F0000E180030090BF00007DC503003C
:10EDE000606F000021710300D0DF0000A17F0300ED
:10EDF000E0F400009D6D0300FCFE0000697A030052
:10EE0000202000002576030001100C010202010001
:10EE1000101000050410040B101010101010060044
:10EE2000101010100310100B0000FFFFBB96030022
:10EE30000100FFFF859703000300FFFF23A50300E8
:10EE40000080FFFF499303000180FFFF1F91030033
:10EE50000880FFFFE59203000980FFFFBB920300DB
:10EE60000A80FFFF779203000C80FFFF2F920300C0
:10EE70000D80FFFF278C03000F80FFFF71900300C0
:10EE80001080FFFF1D9003001280FFFFD98F030049
:10EE90001380FFFF438703001580FFFFB991030034
:10EEA0001680FFFF578B03001880FFFF03990300B4
:10EEB0001A80FFFF23A503001B80FFFF739A030046
:10EEC0001C80FFFFAB9C03001D80FFFFAF99030078
:10EED0001E80FFFF8B9B03002080FFFFBF9D030070
:10EEE0002180FFFFE59F03002280FFFFCB9E0300F0
:10EEF0002680FFFF258F03002780FFFF6F8603001A
:10EF00002980FFFF679403002B80FFFFF3A003001D
:10EF10003880FFFF859503003980FFFFA98C03002F
:10EF20003A80FFFF259603003B80FFFF51980300C6
:10EF30003D80FFFF05A203003F80FFFF05A2030005
:10EF40004080FFFFF18803004580FFFFF188030048
:10EF50004180FFFF338803004280FFFFB59003002C
:10EF60004680FFFFCD8E03004780FFFF41840300F2
:10EF70004980FFFF0D8403004B80FFFF83A3030044
:10EF80004D80FFFF83A303002380FFFF878E0300D4
:10EF90002D80FFFFCF8703002480FFFFF58D030046
:10EFA000030030023180FFFFF1AB03002F80FFFF31
:10EFB0004DAC03003080FFFF4DAC03003280FFFFFB
:10EFC00087AB03003380FFFF87AB03003480FFFF74
:10EFD00091A903003580FFFF55AA03003680FFFF8B
:10EFE00055AA03000480FFFF4DA903000580FFFF21
:10EFF00021AA03000680FFFF21AA030000011C02D2
:10F000001D0E18031E16140F191104081F1B0D17CF
:10F01000151310071A0C12060B050A097372632FD9
:10F020006D61696E2E630067617465776179207622
:10F03000312E352E30206865696D64616C6C5F62BD
:10F040006F61726476322028436F6D70696C6564FD
:10F05000204A616E20323420323032332031313A4E
:10F0600030373A353429006D61696E007372632F51
:10F070006D6573685F68656C7065722E6300000073
:10F080000100000002000000030000000400000076
:10F090000338FDD87047636F70795F61646472658F
:10F0A0007373202564202578006F74615F696E7327
:10F0B00074616C6C207570646174655F74797065DF
:10F0C00020256400020000001A000000500000002B
:10F0D0007372632F726164696F2E63000000030016
:10F0E0000000040090000000D7C40300910000005D
:10F0F000BFC403009212000097C4030093120000E3
:10F100006FC403009402000049C40300950000008E
:10F110000BC4030096000000EFBF0300971400002B
:10F12000E1C3030098120000B9C303009902000074
:10F1300093C303009A02000043C303009B00000036
:10F1400009C003009C14000019C303009D020000C5
:10F15000F3C203009E000000D5BF03009F0400001F
:10F16000C1C20300A00000006BC00300A1020000A8
:10F170009BC20300A210000075C20300A30200009E
:10F180004FC20300A402000029C20300A510000022
:10F1900003C20300A6020000DDC10300A7020000B5
:10F1A00075C10300A800000037C10300A9000000DA
:10F1B000BBBF0300AA0000000DC00300AB0AF400AF
:10F1C0008BC00300AC00000053C00300AD02000080
:10F1D00039C00300AE0B000011C00300AF000000F7
:10F1E0006DBF0300534420656E61626C656400531B
:10F1F000442064697361626C6564005550444154F5
:10F20000455F494E5354414C4C0055504441544580
:10F210005F494E5354414C4C2072657475726E7345
:10F22000202564005550444154455F535441545582
:10F23000533A202564005570646174652073656ECF
:10F240006420737461727400557064617465207316
:10F25000656E6420656E64007372632F73657269F6
:10F26000616C5F68656C7065722E63000100000060
:10F27000020000000100000020000000002020200B
:10F280002020202020202828282828202020202056
:10F290002020202020202020202020202088101026
:10F2A0001010101010101010101010101004040482
:10F2B0000404040404040410101010101010414140
:10F2C000414141410101010101010101010101012E
:10F2D0000101010101010101101010101010424242
:10F2E00042424242020202020202020202020202FE
:10F2F000020202020202020210101010200000009E
:10F3000000000000000000000000000000000000FD
:10F3100000000000000000000000000000000000ED
:10F3200000000000000000000000000000000000DD
:10F3300000000000000000000000000000000000CD
:10F3400000000000000000000000000000000000BD
:10F3500000000000000000000000000000000000AD
:10F36000000000000000000000000000000000009D
:10F37000000000000000000000000000000000008D
:08F38000A02E00200000000097
:08F38800D19402000000000016
:08F39000F1AE030000000000D3
:10F39800958F020000000000DD8F020000000000D1
:10F3A80066E50300000000006DE5030000000000B2
:10F3B80091DF03000000040407DF030000000000E1
:10F3C80067F003000807040438E80300000003039B
:10F3D80008E803000000030380E5030000000303BE
:10F3E800C82F00209030002098300020D02F002017
:04F3F80018000000F9
:10F3FC0058DF03000000000064DF03005C2E0020D7
:10F40C002A020000ED0903002B0200009F2C0300D0
:10F41C0016FF0000FD490300290200003D660300B1
:10F42C00A4E90300010001000100000059B402002E
:10F43C0079B402000000000085400020A0E9030020
:10F44C001400020000000000E1B40200B5B4020098
:10F45C00000000000C4100209CE9030002000100A8
:10F46C000000000099B7020089B4020000000000FF
:10F47C008C40002098E90300080002000000000006
:10F48C00E5B3020031B40200000000002841002066
:10F49C0094E903000600010000000000A9B302007B
:10F4AC00D5B302000000000084400020F6E9030000
:10F4BC002400080000000000D9D002000000000069
:10F4CC0000000000B0440020F2E903001400080022
:10F4DC0000000000D9D00200000000000000000075
:10F4EC00E1440020EEE903001400080000000000D5
:10F4FC00B9CF02000000000000000000B84400205A
:10F50C00EAE9030014000A0000000000B9D502006B
:10F51C0091CD02000000000068440020E6E90300E1
:10F52C0026000800000000005DD00200BDCE0200E5
:10F53C000000000060440020E2E903002400080001
:10F54C0000000000D9D202004DCE020000000000E5
:10F55C00E9440020DEE90300100008000000000070
:10F56C0019CE020051CD020000000000F244002030
:10F57C00DAE90300020020000000000071D502004F
:10F58C00B5CC020000000000C1440020D6E9030005
:10F59C00040001000000000099D2020025CD0200F9
:10F5AC0000000000F1440020D2E903000A00010031
:10F5BC000000000065CC02009DCC020000000000A1
:10F5CC00C044002090EA0300140001000100000078
:10F5DC00AD30030011300300FD2F03001C5400203C
:10F5EC009CEA03000100010001000000B534030097
:10F5FC00713403008134030051550020BCEA030030
:10F60C000700020001000000513F0300813F03008E
:10F61C00253F0300F8560020B8EA03000100020061
:10F62C0001000000FD3E0300113E0300D93E030023
:10F63C00FC560020B4EA03000400020001000000A4
:10F64C00793E0300E13D0300313E0300FA560020F1
:10F65C00FAEA03000100010001000000215103003F
:10F66C003551030045510300605A0020A0EF030000
:10F67C002400010001000000E5AC03008DA803008C
:10F68C0025AC0300086700208AF003000800010085
:10F69C00000000006DB2030059B2030009B2030070
:10F6AC002167002086F00300050001000000000027
:10F6BC0031B203001DB20300F5B10300B2670020A4
:10F6CC0082F003000800010000000000C9B1030033
:10F6DC000000000000000000206700207EF0030006
:10F6EC0004000100000000009DB1030000000000B8
:10F6FC0000000000B16700208CEA0300CD3203004B
:10F70C00E0F00300F1C40300DCF00300F1C40300DB
:10F71C000200010048400020010001007444002058
:10F72C0003000100D0510020000001005C670020A4
:08F73C00047BFE7F01000000C8
:10F744000010024001000000000000000000000062
:10F7540000000000000000000000000000000000A5
:10F7640000000000000000000000000000C0014094
:10F774000000000000000000000000000000000085
:10F784000000000000000000000000000000000075
:10F7940000000000000000000090D0030000000002
:10F7A400FF000000A1A6020004000000F50A030007
:10F7B4000000000000000000FFFFFFFF19810300AC
:10F7C4000000000000000000FFFF0000998D03000E
:10F7D400000000000000000003000000A02E002034
:10F7E4000000000000000000000000000000000015
:10F7F4000000000000000000000000000000000005
:10F8040000000000000000000000000000000000F4
:10F8140000000000000000000000000000000000E4
:10F8240000000000000000000000000000000000D4
:10F8340000000000000000000000000000000000C4
:08F844002572020001720200AE
:020000020000FC
:020000041000EA
:101080009B000000010000000500000000000000BF
:0400000320007691D2
:00000001FF
